0	main	http://dbpedia.org/ontology/birthPlace	flörsheim am main	1	flörsheim am <adj>	NNP NNP JJ	0.16998912649510692	5.678591709256105E-4	0.004761904761904762	ain	0.23529411764705888	false	true	3
1	austrian	http://dbpedia.org/ontology/birthPlace	austrian empire	49	<adj> empire	JJ NN	0.16998912649510692	5.678591709256105E-4	0.004761904761904762	ian	0.5333333333333333	true	false	1
1	african	http://dbpedia.org/ontology/birthPlace	central african republic	1	central <adj> republic	JJ NNP NNP	0.16998912649510692	5.678591709256105E-4	0.004761904761904762	can	0.29166666666666663	false	false	2
0	britain	http://dbpedia.org/ontology/birthPlace	kingdom of great britain	7	kingdom of great <adj>	NNP IN NNP NNP	0.16998912649510692	5.678591709256105E-4	0.004761904761904762	ain	0.29166666666666663	false	true	4
0	new	http://dbpedia.org/ontology/birthPlace	beverly, new jersey	1	beverly, <adj> jersey	NNP , NNP NNP	0.16998912649510692	5.678591709256105E-4	0.004761904761904762	new	0.1578947368421053	false	false	2
0	crescent	http://dbpedia.org/ontology/birthPlace	crescent city, florida	1	<adj> city, florida	NNP NNP , NNP	0.16998912649510692	5.678591709256105E-4	0.004761904761904762	ent	0.36363636363636365	true	false	1
1	german	http://dbpedia.org/ontology/birthPlace	german confederation	16	<adj> confederation	JJ NN	0.16998912649510692	5.678591709256105E-4	0.004761904761904762	man	0.30000000000000004	true	false	1
0	national	http://dbpedia.org/ontology/birthPlace	paraguay national football team	4	paraguay <adj> football team	NNP NNP NNP NN	0.16998912649510692	5.678591709256105E-4	0.004761904761904762	nal	0.25806451612903225	false	false	2
0	national	http://dbpedia.org/ontology/birthPlace	argentina national football team	3	argentina <adj> football team	NNP NNP NNP NN	0.16998912649510692	5.678591709256105E-4	0.004761904761904762	nal	0.25	false	false	2
0	belgian	http://dbpedia.org/ontology/birthPlace	belgian congo	3	<adj> congo	JJ NNP	0.16998912649510692	5.678591709256105E-4	0.004761904761904762	ian	0.5384615384615384	true	false	1
0	democratic	http://dbpedia.org/ontology/birthPlace	democratic republic of the congo	4	<adj> republic of the congo	JJ NN IN DT NNP	0.16998912649510692	5.678591709256105E-4	0.004761904761904762	tic	0.3125	true	false	1
0	lower	http://dbpedia.org/ontology/birthPlace	lower canada	4	<adj> canada	JJR NNP	0.16998912649510692	5.678591709256105E-4	0.004761904761904762	wer	0.41666666666666663	true	false	1
0	new	http://dbpedia.org/ontology/birthPlace	newark, new jersey	42	<adj>ark, <adj> jersey	NNP , NNP NNP	0.16998912649510692	5.678591709256105E-4	0.004761904761904762	new	0.16666666666666663	false	false	2
0	national	http://dbpedia.org/ontology/birthPlace	northern ireland national football team	2	northern ireland <adj> football team	NNP NNP NNP NNP NN	0.16998912649510692	5.678591709256105E-4	0.004761904761904762	nal	0.20512820512820518	false	false	3
1	ottoman	http://dbpedia.org/ontology/birthPlace	ottoman empire	74	<adj> empire	NNP NNP	0.16998912649510692	5.678591709256105E-4	0.004761904761904762	man	0.5	true	false	1
0	national	http://dbpedia.org/ontology/birthPlace	germany national football team	4	germany <adj> football team	NNP NNP NNP NN	0.16998912649510692	5.678591709256105E-4	0.004761904761904762	nal	0.2666666666666667	false	false	2
0	new	http://dbpedia.org/ontology/birthPlace	new york city	569	<adj> york city	NNP NNP NNP	0.16998912649510692	5.678591709256105E-4	0.004761904761904762	new	0.23076923076923073	true	false	1
0	britain	http://dbpedia.org/ontology/birthPlace	united kingdom of great britain and ireland	15	united kingdom of great <adj> and ireland	NNP NNP IN NNP NNP CC NNP	0.16998912649510692	5.678591709256105E-4	0.004761904761904762	ain	0.16279069767441856	false	false	5
0	united	http://dbpedia.org/ontology/birthPlace	united states	2743	<adj> states	NNP NNPS	0.16998912649510692	5.678591709256105E-4	0.004761904761904762	ted	0.46153846153846156	true	false	1
0	west	http://dbpedia.org/ontology/birthPlace	west germany	195	<adj> germany	NNP NNP	0.16998912649510692	5.678591709256105E-4	0.004761904761904762	est	0.33333333333333337	true	false	1
0	south	http://dbpedia.org/ontology/birthPlace	lochinvar, new south wales	1	lochinvar, new <adj> wales	NNP , NNP NNP NNP	0.16998912649510692	5.678591709256105E-4	0.004761904761904762	uth	0.1923076923076923	false	false	3
0	south	http://dbpedia.org/ontology/birthPlace	cooma, new south wales	2	cooma, new <adj> wales	NNP , NNP NNP NNP	0.16998912649510692	5.678591709256105E-4	0.004761904761904762	uth	0.2272727272727273	false	false	3
0	french	http://dbpedia.org/ontology/birthPlace	french algeria	7	<adj> algeria	JJ NNP	0.16998912649510692	5.678591709256105E-4	0.004761904761904762	nch	0.4285714285714286	true	false	1
0	south	http://dbpedia.org/ontology/birthPlace	new south wales	69	new <adj> wales	NNP NNP NNP	0.16998912649510692	5.678591709256105E-4	0.004761904761904762	uth	0.33333333333333337	false	false	2
0	new	http://dbpedia.org/ontology/birthPlace	new york	565	<adj> york	NNP NNP	0.16998912649510692	5.678591709256105E-4	0.004761904761904762	new	375	true	false	1
0	north	http://dbpedia.org/ontology/birthPlace	north carolina	40	<adj> carolina	NNP NNP	0.16998912649510692	5.678591709256105E-4	0.004761904761904762	rth	0.3571428571428571	true	false	1
0	national	http://dbpedia.org/ontology/birthPlace	australia national association football team	4	australia <adj> association football team	NNP NNP NNP NN NN	0.16998912649510692	5.678591709256105E-4	0.004761904761904762	nal	0.18181818181818177	false	false	2
0	north	http://dbpedia.org/ontology/birthPlace	nixonton, north carolina	1	nixonton, <adj> carolina	NNP , NNP NNP	0.16998912649510692	5.678591709256105E-4	0.004761904761904762	rth	0.20833333333333337	false	false	2
0	east	http://dbpedia.org/ontology/birthPlace	east java	3	<adj> java	NNP NNP	0.16998912649510692	5.678591709256105E-4	0.004761904761904762	ast	0.4444444444444444	true	false	1
0	east	http://dbpedia.org/ontology/birthPlace	east vandergrift, pennsylvania	1	<adj> vandergrift, pennsylvania	NNP NNP , NNP	0.16998912649510692	5.678591709256105E-4	0.004761904761904762	ast	0.1333333333333333	true	false	1
0	new	http://dbpedia.org/ontology/birthPlace	new jersey	102	<adj> jersey	NNP NNP	0.16998912649510692	5.678591709256105E-4	0.004761904761904762	new	0.30000000000000004	true	false	1
0	silver	http://dbpedia.org/ontology/birthPlace	silver spring, maryland	4	<adj> spring, maryland	NN NN , NNP	0.16998912649510692	5.678591709256105E-4	0.004761904761904762	ver	0.26086956521739135	true	false	1
0	united	http://dbpedia.org/ontology/birthPlace	united kingdom	740	<adj> kingdom	NNP NNP	0.16998912649510692	5.678591709256105E-4	0.004761904761904762	ted	0.4285714285714286	true	false	1
0	east	http://dbpedia.org/ontology/birthPlace	dutch east indies	14	dutch <adj> indies	NNP NNP NNP	0.16998912649510692	5.678591709256105E-4	0.004761904761904762	ast	0.23529411764705888	false	false	2
0	new	http://dbpedia.org/ontology/birthPlace	elizabeth, new jersey	8	elizabeth, <adj> jersey	NNP , NNP NNP	0.16998912649510692	5.678591709256105E-4	0.004761904761904762	new	0.1428571428571429	false	false	2
0	east	http://dbpedia.org/ontology/birthPlace	east prussia	23	<adj> prussia	NNP NNP	0.16998912649510692	5.678591709256105E-4	0.004761904761904762	ast	0.33333333333333337	true	false	1
0	netherlands	http://dbpedia.org/ontology/birthPlace	netherlands	226	<adj>	NNP	0.16998912649510692	5.678591709256105E-4	0.004761904761904762	nds	1.0	true	true	1
0	saudi	http://dbpedia.org/ontology/birthPlace	saudi arabia	6	<adj> arabia	NNP NNP	0.16998912649510692	5.678591709256105E-4	0.004761904761904762	udi	0.41666666666666663	true	false	1
0	mandatory	http://dbpedia.org/ontology/birthPlace	mandatory palestine	22	<adj> palestine	JJ NNP	0.16998912649510692	5.678591709256105E-4	0.004761904761904762	ory	0.4736842105263158	true	false	1
0	socialist	http://dbpedia.org/ontology/birthPlace	socialist republic of serbia	7	<adj> republic of serbia	NNP NNP IN NNP	0.16998912649510692	5.678591709256105E-4	0.004761904761904762	ist	0.3214285714285714	true	false	1
0	british	http://dbpedia.org/ontology/birthPlace	british malaya	3	<adj> malaya	JJ NNP	0.16998912649510692	5.678591709256105E-4	0.004761904761904762	ish	0.5	true	false	1
1	iranian	http://dbpedia.org/ontology/birthPlace	iranian kurdistan	1	<adj> kurdistan	JJ NNP	0.16998912649510692	5.678591709256105E-4	0.004761904761904762	ian	0.4117647058823529	true	false	1
0	christian	http://dbpedia.org/ontology/birthPlace	christian county, kentucky	1	<adj> county, kentucky	NNP NNP , NNP	0.16998912649510692	5.678591709256105E-4	0.004761904761904762	ian	0.34615384615384615	true	false	1
0	bad	http://dbpedia.org/ontology/birthPlace	bad staffelstein	1	<adj> staffelstein	JJ NN	0.16998912649510692	5.678591709256105E-4	0.004761904761904762	bad	0.1875	true	false	1
0	state	http://dbpedia.org/ontology/birthPlace	niger state	2	niger <adj>	NNP NNP	0.16998912649510692	5.678591709256105E-4	0.004761904761904762	ate	0.4545454545454546	false	true	2
1	prussian	http://dbpedia.org/ontology/birthPlace	prussian partition	1	<adj> partition	JJ NN	0.16998912649510692	5.678591709256105E-4	0.004761904761904762	ian	0.4444444444444444	true	false	1
0	new	http://dbpedia.org/ontology/birthPlace	gilmanton, new hampshire	1	gilmanton, <adj> hampshire	NNP , NNP NNP	0.16998912649510692	5.678591709256105E-4	0.004761904761904762	new	125	false	false	2
0	greater	http://dbpedia.org/ontology/birthPlace	greater sudbury	11	<adj> sudbury	JJR NNP	0.16998912649510692	5.678591709256105E-4	0.004761904761904762	ter	0.4666666666666667	true	false	1
0	new	http://dbpedia.org/ontology/birthPlace	new mexico	10	<adj> mexico	NNP NNP	0.16998912649510692	5.678591709256105E-4	0.004761904761904762	new	0.30000000000000004	true	false	1
0	british	http://dbpedia.org/ontology/birthPlace	british raj	37	<adj> raj	JJ NN	0.16998912649510692	5.678591709256105E-4	0.004761904761904762	ish	0.6363636363636364	true	false	1
0	national	http://dbpedia.org/ontology/birthPlace	england national football team	41	england <adj> football team	NNP NNP NNP NN	0.16998912649510692	5.678591709256105E-4	0.004761904761904762	nal	0.2666666666666667	false	false	2
1	russian	http://dbpedia.org/ontology/birthPlace	russian empire	184	<adj> empire	NNP NNP	0.16998912649510692	5.678591709256105E-4	0.004761904761904762	ian	0.5	true	false	1
0	illinois	http://dbpedia.org/ontology/birthPlace	glenview, cook county, illinois	1	glenview, cook county, <adj>	NNP , NNP NNP , NNP	0.16998912649510692	5.678591709256105E-4	0.004761904761904762	ois	0.25806451612903225	false	true	4
0	new	http://dbpedia.org/ontology/birthPlace	santa fe, new mexico	3	santa fe, <adj> mexico	NNP NNP , NNP NNP	0.16998912649510692	5.678591709256105E-4	0.004761904761904762	new	0.15000000000000002	false	false	3
0	west	http://dbpedia.org/ontology/birthPlace	west sumatra	2	<adj> sumatra	NNP NNP	0.16998912649510692	5.678591709256105E-4	0.004761904761904762	est	0.33333333333333337	true	false	1
0	west	http://dbpedia.org/ontology/birthPlace	west bromwich	4	<adj> bromwich	NNP NNP	0.16998912649510692	5.678591709256105E-4	0.004761904761904762	est	0.3076923076923077	true	false	1
0	illinois	http://dbpedia.org/ontology/birthPlace	illinois	161	<adj>	NNP	0.16998912649510692	5.678591709256105E-4	0.004761904761904762	ois	1.0	true	true	1
0	new	http://dbpedia.org/ontology/birthPlace	syosset, new york	3	syosset, <adj> york	NNP , NNP NNP	0.16998912649510692	5.678591709256105E-4	0.004761904761904762	new	0.17647058823529416	false	false	2
0	new	http://dbpedia.org/ontology/birthPlace	new brunswick, new jersey	6	<adj> brunswick, <adj> jersey	NNP NNP , NNP NNP	0.16998912649510692	5.678591709256105E-4	0.004761904761904762	new	0.12	false	false	3
0	new	http://dbpedia.org/ontology/birthPlace	plainfield, new jersey	7	plainfield, <adj> jersey	NNP , NNP NNP	0.16998912649510692	5.678591709256105E-4	0.004761904761904762	new	0.13636363636363635	false	false	2
0	britain	http://dbpedia.org/ontology/birthPlace	great britain	3	great <adj>	NNP NNP	0.16998912649510692	5.678591709256105E-4	0.004761904761904762	ain	0.5384615384615384	false	true	2
1	british	http://dbpedia.org/ontology/birthPlace	british empire	13	<adj> empire	JJ NN	0.16998912649510692	5.678591709256105E-4	0.004761904761904762	ish	0.5	true	false	1
1	german	http://dbpedia.org/ontology/birthPlace	german empire	131	<adj> empire	JJ NN	0.16998912649510692	5.678591709256105E-4	0.004761904761904762	man	0.46153846153846156	true	false	1
0	la	http://dbpedia.org/ontology/birthPlace	la serena, chile	2	<adj> serena, chile	NNP NNP , NNP	0.16998912649510692	5.678591709256105E-4	0.004761904761904762	la	125	true	false	1
0	new	http://dbpedia.org/ontology/birthPlace	new zealand	36	<adj> zealand	NNP NNP	0.16998912649510692	5.678591709256105E-4	0.004761904761904762	new	0.2727272727272727	true	false	1
0	greater	http://dbpedia.org/ontology/birthPlace	brudzewo, greater poland voivodeship	1	brudzewo, <adj> poland voivodeship	NNP , JJR NNP NN	0.16998912649510692	5.678591709256105E-4	0.004761904761904762	ter	0.19444444444444442	false	false	2
0	northern	http://dbpedia.org/ontology/birthPlace	northern rhodesia	6	<adj> rhodesia	JJ NNP	0.16998912649510692	5.678591709256105E-4	0.004761904761904762	ern	0.47058823529411764	true	false	1
0	new	http://dbpedia.org/ontology/birthPlace	ithaca, new york	2	ithaca, <adj> york	NNP , NNP NNP	0.16998912649510692	5.678591709256105E-4	0.004761904761904762	new	0.1875	false	false	2
0	royal	http://dbpedia.org/ontology/birthPlace	royal leamington spa	4	<adj> leamington spa	NNP NNP NNP	0.16998912649510692	5.678591709256105E-4	0.004761904761904762	yal	0.25	true	false	1
0	cold	http://dbpedia.org/ontology/birthPlace	cold lake, alberta	1	<adj> lake, alberta	NNP NNP , NNP	0.16998912649510692	5.678591709256105E-4	0.004761904761904762	old	0.2222222222222222	true	false	1
0	canary	http://dbpedia.org/ontology/birthPlace	canary islands	6	<adj> islands	NNP NNPS	0.16998912649510692	5.678591709256105E-4	0.004761904761904762	ary	0.4285714285714286	true	false	1
0	federal	http://dbpedia.org/ontology/birthPlace	socialist federal republic of yugoslavia	99	socialist <adj> republic of yugoslavia	NNP NNP NNP IN NNP	0.16998912649510692	5.678591709256105E-4	0.004761904761904762	ral	0.17500000000000004	false	false	2
0	union	http://dbpedia.org/ontology/birthPlace	soviet union	189	soviet <adj>	NNP NNP	0.16998912649510692	5.678591709256105E-4	0.004761904761904762	ion	0.41666666666666663	false	true	2
1	pomeranian	http://dbpedia.org/ontology/birthPlace	pleśna, west pomeranian voivodeship	1	pleśna, west <adj> voivodeship	NNP , NNP NNP NNP	0.16998912649510692	5.678591709256105E-4	0.004761904761904762	ian	0.2857142857142857	false	false	3
1	episcopal	http://dbpedia.org/ontology/birthPlace	scottish episcopal church	1	scottish <adj> church	JJ JJ NN	0.16998912649510692	5.678591709256105E-4	0.004761904761904762	pal	0.36	false	false	2
0	district	http://dbpedia.org/ontology/birthPlace	šilalė district municipality	1	šilalė <adj> municipality	NNP NNP NN	0.16998912649510692	5.678591709256105E-4	0.004761904761904762	ict	0.2857142857142857	false	false	2
0	east	http://dbpedia.org/ontology/birthPlace	east germany	59	<adj> germany	NNP NNP	0.16998912649510692	5.678591709256105E-4	0.004761904761904762	ast	0.33333333333333337	true	false	1
0	socialist	http://dbpedia.org/ontology/birthPlace	russian soviet federative socialist republic	43	russian soviet federative <adj> republic	NNP NNP NNP NNP NNP	0.16998912649510692	5.678591709256105E-4	0.004761904761904762	ist	0.20454545454545459	false	false	4
0	state	http://dbpedia.org/ontology/birthPlace	free state of prussia	1	free <adj> of prussia	JJ NN IN NNP	0.16998912649510692	5.678591709256105E-4	0.004761904761904762	ate	0.23809523809523814	false	false	2
0	largo	http://dbpedia.org/ontology/birthPlace	lower largo	1	lower <adj>	JJR NNP	0.16998912649510692	5.678591709256105E-4	0.004761904761904762	rgo	0.4545454545454546	false	true	2
0	socialist	http://dbpedia.org/ontology/birthPlace	byelorussian soviet socialist republic	7	byelorussian soviet <adj> republic	JJ JJ JJ NN	0.16998912649510692	5.678591709256105E-4	0.004761904761904762	ist	0.23684210526315785	false	false	3
1	czech	http://dbpedia.org/ontology/birthPlace	czech republic	53	<adj> republic	NNP NNP	0.16998912649510692	5.678591709256105E-4	0.004761904761904762	ech	0.3571428571428571	true	false	1
0	bad	http://dbpedia.org/ontology/birthPlace	bad salzungen	1	<adj> salzungen	JJ NN	0.16998912649510692	5.678591709256105E-4	0.004761904761904762	bad	0.23076923076923073	true	false	1
0	north	http://dbpedia.org/ontology/birthPlace	north freedom, wisconsin	1	<adj> freedom, wisconsin	NNP NNP , NNP	0.16998912649510692	5.678591709256105E-4	0.004761904761904762	rth	0.20833333333333337	true	false	1
0	north	http://dbpedia.org/ontology/birthPlace	north rhine-westphalia	16	<adj> rhine-westphalia	NNP NNP	0.16998912649510692	5.678591709256105E-4	0.004761904761904762	rth	0.2272727272727273	true	false	1
0	west	http://dbpedia.org/ontology/birthPlace	west middlesex, pennsylvania	1	<adj> middlesex, pennsylvania	NNP NNP , NNP	0.16998912649510692	5.678591709256105E-4	0.004761904761904762	est	0.1428571428571429	true	false	1
0	new	http://dbpedia.org/ontology/birthPlace	mount laurel township, new jersey	1	mount laurel township, <adj> jersey	NNP NNP NNP , NNP NNP	0.16998912649510692	5.678591709256105E-4	0.004761904761904762	new	0.09090909090909094	false	false	4
0	illinois	http://dbpedia.org/ontology/birthPlace	jacksonville, illinois	4	jacksonville, <adj>	NNP , NNP	0.16998912649510692	5.678591709256105E-4	0.004761904761904762	ois	0.36363636363636365	false	true	2
0	new	http://dbpedia.org/ontology/birthPlace	hoboken, new jersey	10	hoboken, <adj> jersey	NNP , NNP NNP	0.16998912649510692	5.678591709256105E-4	0.004761904761904762	new	0.1578947368421053	false	false	2
0	west	http://dbpedia.org/ontology/birthPlace	french west africa	4	french <adj> africa	NNP NNP NNP	0.16998912649510692	5.678591709256105E-4	0.004761904761904762	est	0.2222222222222222	false	false	2
0	land	http://dbpedia.org/ontology/birthPlace	vistula land	2	vistula <adj>	NNP NNP	0.16998912649510692	5.678591709256105E-4	0.004761904761904762	and	0.33333333333333337	false	true	2
0	socialist	http://dbpedia.org/ontology/birthPlace	socialist republic of macedonia	3	<adj> republic of macedonia	NNP NNP IN NNP	0.16998912649510692	5.678591709256105E-4	0.004761904761904762	ist	0.29032258064516125	true	false	1
0	west	http://dbpedia.org/ontology/birthPlace	west bengal	6	<adj> bengal	NNP NNP	0.16998912649510692	5.678591709256105E-4	0.004761904761904762	est	0.36363636363636365	true	false	1
0	new	http://dbpedia.org/ontology/birthPlace	schenectady, new york	5	schenectady, <adj> york	NNP , NNP NNP	0.16998912649510692	5.678591709256105E-4	0.004761904761904762	new	0.1428571428571429	false	false	2
1	ottoman	http://dbpedia.org/ontology/birthPlace	ottoman syria	3	<adj> syria	NNP NNP	0.16998912649510692	5.678591709256105E-4	0.004761904761904762	man	0.5384615384615384	true	false	1
0	port	http://dbpedia.org/ontology/birthPlace	port arthur, texas	2	<adj> arthur, texas	NNP NNP , NNP	0.16998912649510692	5.678591709256105E-4	0.004761904761904762	ort	0.2222222222222222	true	false	1
0	french	http://dbpedia.org/ontology/birthPlace	french sudan	1	<adj> sudan	JJ NNP	0.16998912649510692	5.678591709256105E-4	0.004761904761904762	nch	0.5	true	false	1
0	new	http://dbpedia.org/ontology/birthPlace	buffalo, new york	38	buffalo, <adj> york	NNP , NNP NNP	0.16998912649510692	5.678591709256105E-4	0.004761904761904762	new	0.17647058823529416	false	false	2
0	east	http://dbpedia.org/ontology/birthPlace	east end of london	9	<adj> end of london	NNP NNP IN NNP	0.16998912649510692	5.678591709256105E-4	0.004761904761904762	ast	0.2222222222222222	true	false	1
0	british	http://dbpedia.org/ontology/birthPlace	presidencies and provinces of british india	46	presidencies and provinces of <adj> india	NNS CC NNS IN JJ NNP	0.16998912649510692	5.678591709256105E-4	0.004761904761904762	ish	0.16279069767441856	false	false	5
0	orange	http://dbpedia.org/ontology/birthPlace	orange county, california	3	<adj> county, california	NNP NNP , NNP	0.16998912649510692	5.678591709256105E-4	0.004761904761904762	nge	0.24	true	false	1
0	south	http://dbpedia.org/ontology/birthPlace	clarendon county, south carolina	1	clarendon county, <adj> carolina	NNP NNP , NNP NNP	0.16998912649510692	5.678591709256105E-4	0.004761904761904762	uth	0.15625	false	false	3
0	south	http://dbpedia.org/ontology/birthPlace	south carolina	21	<adj> carolina	NNP NNP	0.16998912649510692	5.678591709256105E-4	0.004761904761904762	uth	0.3571428571428571	true	false	1
0	north	http://dbpedia.org/ontology/birthPlace	north london	12	<adj> london	NNP NNP	0.16998912649510692	5.678591709256105E-4	0.004761904761904762	rth	0.41666666666666663	true	false	1
0	land	http://dbpedia.org/ontology/birthPlace	land of israel	3	<adj> of israel	NN IN NNP	0.16998912649510692	5.678591709256105E-4	0.004761904761904762	and	0.2857142857142857	true	false	1
0	new	http://dbpedia.org/ontology/birthPlace	wantagh, new york	1	wantagh, <adj> york	NNP , NNP NNP	0.16998912649510692	5.678591709256105E-4	0.004761904761904762	new	0.17647058823529416	false	false	2
0	west	http://dbpedia.org/ontology/birthPlace	halifax, west yorkshire	8	halifax, <adj> yorkshire	NNP , NNP NNP	0.16998912649510692	5.678591709256105E-4	0.004761904761904762	est	0.17391304347826086	false	false	2
0	la	http://dbpedia.org/ontology/birthPlace	viceroyalty of the río de la plata	2	viceroyalty of the río de <adj> p<adj>ta	NN IN DT NNP FW NNP NNP	0.16998912649510692	5.678591709256105E-4	0.004761904761904762	la	0.05882352941176472	false	false	6
0	upper	http://dbpedia.org/ontology/birthPlace	upper peru	1	<adj> peru	JJ NNP	0.16998912649510692	5.678591709256105E-4	0.004761904761904762	per	0.5	true	false	1
0	people's	http://dbpedia.org/ontology/birthPlace	people's republic of poland	10	<adj> republic of poland	NNS POS NN IN NNP	0.16998912649510692	5.678591709256105E-4	0.004761904761904762	e's	0.2962962962962963	true	false	1
0	catholic	http://dbpedia.org/ontology/birthPlace	roman catholic archdiocese of paris	1	roman <adj> archdiocese of paris	NNP NNP NNP IN NNP	0.16998912649510692	5.678591709256105E-4	0.004761904761904762	lic	0.22857142857142854	false	false	2
0	south	http://dbpedia.org/ontology/birthPlace	charleston, south carolina	14	charleston, <adj> carolina	NNP , NNP NNP	0.16998912649510692	5.678591709256105E-4	0.004761904761904762	uth	0.1923076923076923	false	false	2
0	la	http://dbpedia.org/ontology/birthPlace	la paz	2	<adj> paz	NNP NNP	0.16998912649510692	5.678591709256105E-4	0.004761904761904762	la	0.33333333333333337	true	false	1
0	socialist	http://dbpedia.org/ontology/birthPlace	moldavian soviet socialist republic	3	moldavian soviet <adj> republic	JJ JJ JJ NN	0.16998912649510692	5.678591709256105E-4	0.004761904761904762	ist	0.2571428571428571	false	false	3
0	socialist	http://dbpedia.org/ontology/birthPlace	ukrainian soviet socialist republic	25	ukrainian soviet <adj> republic	JJ JJ JJ NN	0.16998912649510692	5.678591709256105E-4	0.004761904761904762	ist	0.2571428571428571	false	false	3
0	district	http://dbpedia.org/ontology/birthPlace	edineț district	1	edineț <adj>	NNP NNP	0.16998912649510692	5.678591709256105E-4	0.004761904761904762	ict	0.5333333333333333	false	true	2
0	new	http://dbpedia.org/ontology/birthPlace	province of new jersey	1	province of <adj> jersey	NN IN NNP NNP	0.16998912649510692	5.678591709256105E-4	0.004761904761904762	new	0.13636363636363635	false	false	3
0	british	http://dbpedia.org/ontology/birthPlace	british columbia	57	<adj> columbia	NNP NNP	0.16998912649510692	5.678591709256105E-4	0.004761904761904762	ish	0.4375	true	false	1
0	new	http://dbpedia.org/ontology/birthPlace	mount kisco, new york	3	mount kisco, <adj> york	NNP NNP , NNP NNP	0.16998912649510692	5.678591709256105E-4	0.004761904761904762	new	0.1428571428571429	false	false	3
0	south	http://dbpedia.org/ontology/birthPlace	wedgefield, south carolina	1	wedgefield, <adj> carolina	NNP , NNP NNP	0.16998912649510692	5.678591709256105E-4	0.004761904761904762	uth	0.1923076923076923	false	false	2
0	new	http://dbpedia.org/ontology/birthPlace	morristown, new jersey	6	morristown, <adj> jersey	NNP , NNP NNP	0.16998912649510692	5.678591709256105E-4	0.004761904761904762	new	0.13636363636363635	false	false	2
0	lone	http://dbpedia.org/ontology/birthPlace	lone tree, oklahoma	1	<adj> tree, oklahoma	NNP NN , NNP	0.16998912649510692	5.678591709256105E-4	0.004761904761904762	one	0.21052631578947367	true	false	1
0	greater	http://dbpedia.org/ontology/birthPlace	greater manchester	8	<adj> manchester	JJR NNP	0.16998912649510692	5.678591709256105E-4	0.004761904761904762	ter	0.38888888888888884	true	false	1
0	west	http://dbpedia.org/ontology/birthPlace	west prussia	9	<adj> prussia	NNP NNP	0.16998912649510692	5.678591709256105E-4	0.004761904761904762	est	0.33333333333333337	true	false	1
0	main	http://dbpedia.org/ontology/birthPlace	offenbach am main	2	offenbach am <adj>	NNP NNP JJ	0.16998912649510692	5.678591709256105E-4	0.004761904761904762	ain	0.23529411764705888	false	true	3
0	new	http://dbpedia.org/ontology/birthPlace	albuquerque, new mexico	9	albuquerque, <adj> mexico	NNP , NNP NNP	0.16998912649510692	5.678591709256105E-4	0.004761904761904762	new	0.13043478260869568	false	false	2
0	illinois	http://dbpedia.org/ontology/birthPlace	blue island, illinois	4	blue island, <adj>	NNP NNP , NNP	0.16998912649510692	5.678591709256105E-4	0.004761904761904762	ois	0.38095238095238093	false	true	3
0	district	http://dbpedia.org/ontology/birthPlace	larnaca district	1	larnaca <adj>	NNP NNP	0.16998912649510692	5.678591709256105E-4	0.004761904761904762	ict	0.5	false	true	2
1	roman	http://dbpedia.org/ontology/birthPlace	holy roman empire	38	holy <adj> empire	JJ JJ NN	0.16998912649510692	5.678591709256105E-4	0.004761904761904762	man	0.2941176470588235	false	false	2
0	royal	http://dbpedia.org/ontology/birthPlace	royal arms of england	1	<adj> arms of england	NNP NNS IN NNP	0.16998912649510692	5.678591709256105E-4	0.004761904761904762	yal	0.23809523809523814	true	false	1
1	dominican	http://dbpedia.org/ontology/birthPlace	dominican republic	35	<adj> republic	NNP NNP	0.16998912649510692	5.678591709256105E-4	0.004761904761904762	can	0.5	true	false	1
0	hollywood	http://dbpedia.org/ontology/birthPlace	hollywood	29	<adj>	NNP	0.16998912649510692	5.678591709256105E-4	0.004761904761904762	ood	1.0	true	true	1
0	south	http://dbpedia.org/ontology/birthPlace	south africa	48	<adj> africa	NNP NNP	0.16998912649510692	5.678591709256105E-4	0.004761904761904762	uth	0.41666666666666663	true	false	1
0	grand	http://dbpedia.org/ontology/birthPlace	grand duchy of baden	6	<adj> duchy of baden	NNP NNP IN NNP	0.16998912649510692	5.678591709256105E-4	0.004761904761904762	and	0.25	true	false	1
0	upper	http://dbpedia.org/ontology/birthPlace	upper austria	2	<adj> austria	JJ NNP	0.16998912649510692	5.678591709256105E-4	0.004761904761904762	per	0.3846153846153846	true	false	1
0	socialist	http://dbpedia.org/ontology/birthPlace	armenian soviet socialist republic	1	armenian soviet <adj> republic	JJ JJ JJ NN	0.16998912649510692	5.678591709256105E-4	0.004761904761904762	ist	0.2647058823529411	false	false	3
0	grand	http://dbpedia.org/ontology/birthPlace	grand duchy of mecklenburg-schwerin	4	<adj> duchy of mecklenburg-schwerin	NNP NNP IN NNP	0.16998912649510692	5.678591709256105E-4	0.004761904761904762	and	0.1428571428571429	true	false	1
0	socialist	http://dbpedia.org/ontology/birthPlace	azerbaijan soviet socialist republic	5	azerbaijan soviet <adj> republic	NNP NNP NNP NNP	0.16998912649510692	5.678591709256105E-4	0.004761904761904762	ist	0.25	false	false	3
0	south	http://dbpedia.org/ontology/birthPlace	province of south carolina	1	province of <adj> carolina	NN IN NNP NNP	0.16998912649510692	5.678591709256105E-4	0.004761904761904762	uth	0.1923076923076923	false	false	3
0	new	http://dbpedia.org/ontology/birthPlace	mount vernon, new york	8	mount vernon, <adj> york	NNP NNP , NNP NNP	0.16998912649510692	5.678591709256105E-4	0.004761904761904762	new	0.13636363636363635	false	false	3
0	people's	http://dbpedia.org/ontology/birthPlace	people's republic of hungary	5	<adj> republic of hungary	NNS POS NN IN NNP	0.16998912649510692	5.678591709256105E-4	0.004761904761904762	e's	0.2857142857142857	true	false	1
0	olympic	http://dbpedia.org/ontology/birthPlace	new zealand olympic committee	1	new zealand <adj> committee	NNP NNP NNP NNP	0.16998912649510692	5.678591709256105E-4	0.004761904761904762	pic	0.24137931034482762	false	false	3
0	stony	http://dbpedia.org/ontology/birthPlace	stony mountain, manitoba	1	<adj> mountain, manitoba	NNP NNP , NNP	0.16998912649510692	5.678591709256105E-4	0.004761904761904762	ony	0.20833333333333337	true	false	1
0	socialist	http://dbpedia.org/ontology/birthPlace	georgian soviet socialist republic	8	georgian soviet <adj> republic	JJ JJ JJ NN	0.16998912649510692	5.678591709256105E-4	0.004761904761904762	ist	0.2647058823529411	false	false	3
0	long	http://dbpedia.org/ontology/birthPlace	long island	23	<adj> island	NNP NNP	0.16998912649510692	5.678591709256105E-4	0.004761904761904762	ong	0.36363636363636365	true	false	1
0	new	http://dbpedia.org/ontology/birthPlace	bayonne, new jersey	9	bayonne, <adj> jersey	NNP , NNP NNP	0.16998912649510692	5.678591709256105E-4	0.004761904761904762	new	0.1578947368421053	false	false	2
0	north	http://dbpedia.org/ontology/birthPlace	marion, north carolina	1	marion, <adj> carolina	NNP , NNP NNP	0.16998912649510692	5.678591709256105E-4	0.004761904761904762	rth	0.2272727272727273	false	false	2
0	west	http://dbpedia.org/ontology/birthPlace	martinsburg, west virginia	1	martinsburg, <adj> virginia	NNP , NNP NNP	0.16998912649510692	5.678591709256105E-4	0.004761904761904762	est	0.15384615384615385	false	false	2
0	green	http://dbpedia.org/ontology/birthPlace	wood green	3	wood <adj>	NN NN	0.16998912649510692	5.678591709256105E-4	0.004761904761904762	een	0.5	false	true	2
0	two	http://dbpedia.org/ontology/birthPlace	kingdom of the two sicilies	5	kingdom of the <adj> sicilies	NNP IN DT CD NNS	0.16998912649510692	5.678591709256105E-4	0.004761904761904762	two	0.11111111111111116	false	false	4
0	south	http://dbpedia.org/ontology/birthPlace	south tyrol	2	<adj> tyrol	NNP NNP	0.16998912649510692	5.678591709256105E-4	0.004761904761904762	uth	0.4545454545454546	true	false	1
0	illinois	http://dbpedia.org/ontology/birthPlace	peoria, illinois	8	peoria, <adj>	NNP , NNP	0.16998912649510692	5.678591709256105E-4	0.004761904761904762	ois	0.5	false	true	2
0	old	http://dbpedia.org/ontology/birthPlace	old catton	1	<adj> catton	JJ NNP	0.16998912649510692	5.678591709256105E-4	0.004761904761904762	old	0.30000000000000004	true	false	1
0	north	http://dbpedia.org/ontology/birthPlace	wilmington, north carolina	2	wilmington, <adj> carolina	NNP , NNP NNP	0.16998912649510692	5.678591709256105E-4	0.004761904761904762	rth	0.1923076923076923	false	false	2
0	new	http://dbpedia.org/ontology/birthPlace	princeton, new jersey	4	princeton, <adj> jersey	NNP , NNP NNP	0.16998912649510692	5.678591709256105E-4	0.004761904761904762	new	0.1428571428571429	false	false	2
0	central	http://dbpedia.org/ontology/birthPlace	central point, oregon	1	<adj> point, oregon	JJ NN , NNP	0.16998912649510692	5.678591709256105E-4	0.004761904761904762	ral	0.33333333333333337	true	false	1
1	arab	http://dbpedia.org/ontology/birthPlace	united arab republic	1	united <adj> republic	NNP NNP NNP	0.16998912649510692	5.678591709256105E-4	0.004761904761904762	rab	0.19999999999999996	false	false	2
0	new	http://dbpedia.org/ontology/birthPlace	new orleans	39	<adj> orleans	NNP NNP	0.16998912649510692	5.678591709256105E-4	0.004761904761904762	new	0.2727272727272727	true	false	1
0	new	http://dbpedia.org/ontology/birthPlace	jamesville, new york	1	jamesville, <adj> york	NNP , NNP NNP	0.16998912649510692	5.678591709256105E-4	0.004761904761904762	new	0.15000000000000002	false	false	2
0	west	http://dbpedia.org/ontology/birthPlace	west yorkshire	17	<adj> yorkshire	NNP NNP	0.16998912649510692	5.678591709256105E-4	0.004761904761904762	est	0.2857142857142857	true	false	1
0	illinois	http://dbpedia.org/ontology/birthPlace	canton, illinois	2	canton, <adj>	NNP , NNP	0.16998912649510692	5.678591709256105E-4	0.004761904761904762	ois	0.5	false	true	2
0	new	http://dbpedia.org/ontology/birthPlace	raritan, new jersey	1	raritan, <adj> jersey	NNP , NNP NNP	0.16998912649510692	5.678591709256105E-4	0.004761904761904762	new	0.1578947368421053	false	false	2
1	moravian	http://dbpedia.org/ontology/birthPlace	moravian margraviate	1	<adj> margraviate	NNP NNP	0.16998912649510692	5.678591709256105E-4	0.004761904761904762	ian	0.4	true	false	1
0	third	http://dbpedia.org/ontology/birthPlace	french third republic	7	french <adj> republic	NNP NNP NNP	0.16998912649510692	5.678591709256105E-4	0.004761904761904762	ird	0.23809523809523814	false	false	2
0	west	http://dbpedia.org/ontology/birthPlace	handsworth, west midlands	2	handsworth, <adj> midlands	NNP , NNP NNPS	0.16998912649510692	5.678591709256105E-4	0.004761904761904762	est	0.16000000000000003	false	false	2
0	national	http://dbpedia.org/ontology/birthPlace	france national football team	30	france <adj> football team	NNP NNP NNP NN	0.16998912649510692	5.678591709256105E-4	0.004761904761904762	nal	0.27586206896551724	false	false	2
0	little	http://dbpedia.org/ontology/birthPlace	little rock, arkansas	12	<adj> rock, arkansas	NNP NNP , NNP	0.16998912649510692	5.678591709256105E-4	0.004761904761904762	tle	0.2857142857142857	true	false	1
0	northern	http://dbpedia.org/ontology/birthPlace	northern ireland	39	<adj> ireland	NNP NNP	0.16998912649510692	5.678591709256105E-4	0.004761904761904762	ern	0.5	true	false	1
0	im	http://dbpedia.org/ontology/birthPlace	freiburg im breisgau	4	freiburg <adj> breisgau	NNP NNP NNP	0.16998912649510692	5.678591709256105E-4	0.004761904761904762	im	0.09999999999999998	false	false	2
0	new	http://dbpedia.org/ontology/birthPlace	new delhi	4	<adj> delhi	NNP NNP	0.16998912649510692	5.678591709256105E-4	0.004761904761904762	new	0.33333333333333337	true	false	1
0	highland	http://dbpedia.org/ontology/birthPlace	highland park, michigan	2	<adj> park, michigan	NNP NNP , NNP	0.16998912649510692	5.678591709256105E-4	0.004761904761904762	and	0.34782608695652173	true	false	1
1	arabian	http://dbpedia.org/ontology/birthPlace	arabian peninsula	4	<adj> peninsula	NNP NNP	0.16998912649510692	5.678591709256105E-4	0.004761904761904762	ian	0.4117647058823529	true	false	1
0	illinois	http://dbpedia.org/ontology/birthPlace	glen ellyn, illinois	1	glen ellyn, <adj>	NNP NNP , NNP	0.16998912649510692	5.678591709256105E-4	0.004761904761904762	ois	0.4	false	true	3
0	north	http://dbpedia.org/ontology/birthPlace	greensboro, north carolina	5	greensboro, <adj> carolina	NNP , NNP NNP	0.16998912649510692	5.678591709256105E-4	0.004761904761904762	rth	0.1923076923076923	false	false	2
0	south	http://dbpedia.org/ontology/birthPlace	south australia	27	<adj> australia	NNP NNP	0.16998912649510692	5.678591709256105E-4	0.004761904761904762	uth	0.33333333333333337	true	false	1
0	coral	http://dbpedia.org/ontology/birthPlace	coral gables, florida	2	<adj> gables, florida	NN NNS , NNP	0.16998912649510692	5.678591709256105E-4	0.004761904761904762	ral	0.23809523809523814	true	false	1
0	south	http://dbpedia.org/ontology/birthPlace	greenville, south carolina	3	greenville, <adj> carolina	NNP , NNP NNP	0.16998912649510692	5.678591709256105E-4	0.004761904761904762	uth	0.1923076923076923	false	false	2
0	hot	http://dbpedia.org/ontology/birthPlace	hot springs, arkansas	2	<adj> springs, arkansas	JJ NNP , NNP	0.16998912649510692	5.678591709256105E-4	0.004761904761904762	hot	0.1428571428571429	true	false	1
0	new	http://dbpedia.org/ontology/birthPlace	new rochelle, new york	8	<adj> rochelle, <adj> york	JJ NNP , NNP NNP	0.16998912649510692	5.678591709256105E-4	0.004761904761904762	new	0.13636363636363635	false	false	3
0	british	http://dbpedia.org/ontology/birthPlace	victoria, british columbia	7	victoria, <adj> columbia	NNP , NNP NNP	0.16998912649510692	5.678591709256105E-4	0.004761904761904762	ish	0.2692307692307693	false	false	2
0	new	http://dbpedia.org/ontology/birthPlace	new brunswick	6	<adj> brunswick	NNP NNP	0.16998912649510692	5.678591709256105E-4	0.004761904761904762	new	0.23076923076923073	true	false	1
0	new	http://dbpedia.org/ontology/birthPlace	durham, new york	1	durham, <adj> york	NNP , NNP NNP	0.16998912649510692	5.678591709256105E-4	0.004761904761904762	new	0.1875	false	false	2
0	new	http://dbpedia.org/ontology/birthPlace	egg harbor township, new jersey	2	egg harbor township, <adj> jersey	NNP NNP NNP , NNP NNP	0.16998912649510692	5.678591709256105E-4	0.004761904761904762	new	0.09677419354838712	false	false	4
0	south	http://dbpedia.org/ontology/birthPlace	bordertown, south australia	1	bordertown, <adj> australia	NNP , NNP NNP	0.16998912649510692	5.678591709256105E-4	0.004761904761904762	uth	0.18518518518518523	false	false	2
0	new	http://dbpedia.org/ontology/birthPlace	east durham, new york	1	east durham, <adj> york	NNP NNP , NNP NNP	0.16998912649510692	5.678591709256105E-4	0.004761904761904762	new	0.1428571428571429	false	false	3
0	lincoln	http://dbpedia.org/ontology/birthPlace	lincoln park, michigan	2	<adj> park, michigan	NNP NNP , NNP	0.16998912649510692	5.678591709256105E-4	0.004761904761904762	oln	0.31818181818181823	true	false	1
0	british	http://dbpedia.org/ontology/birthPlace	surrey, british columbia	1	surrey, <adj> columbia	NNP , NNP NNP	0.16998912649510692	5.678591709256105E-4	0.004761904761904762	ish	0.29166666666666663	false	false	2
1	sassanid	http://dbpedia.org/ontology/birthPlace	sassanid empire	1	<adj> empire	NNP NNP	0.16998912649510692	5.678591709256105E-4	0.004761904761904762	nid	0.5333333333333333	true	false	1
0	ivory	http://dbpedia.org/ontology/birthPlace	ivory coast	11	<adj> coast	NNP NNP	0.16998912649510692	5.678591709256105E-4	0.004761904761904762	ory	0.4545454545454546	true	false	1
0	new	http://dbpedia.org/ontology/birthPlace	rexton, new brunswick	1	rexton, <adj> brunswick	NNP , NNP NNP	0.16998912649510692	5.678591709256105E-4	0.004761904761904762	new	0.1428571428571429	false	false	2
0	lemon	http://dbpedia.org/ontology/birthPlace	lemon grove, california	1	<adj> grove, california	NNP NNP , NNP	0.16998912649510692	5.678591709256105E-4	0.004761904761904762	mon	0.21739130434782605	true	false	1
0	south	http://dbpedia.org/ontology/birthPlace	south holland	2	<adj> holland	NNP NNP	0.16998912649510692	5.678591709256105E-4	0.004761904761904762	uth	0.3846153846153846	true	false	1
0	regional	http://dbpedia.org/ontology/birthPlace	halifax regional municipality	3	halifax <adj> municipality	NNP NNP NN	0.16998912649510692	5.678591709256105E-4	0.004761904761904762	nal	0.27586206896551724	false	false	2
0	upper	http://dbpedia.org/ontology/birthPlace	upper hammonds plains, nova scotia	1	<adj> hammonds plains, nova scotia	JJ NNP NNP , NNP NNP	0.16998912649510692	5.678591709256105E-4	0.004761904761904762	per	0.1470588235294118	true	false	1
0	south	http://dbpedia.org/ontology/birthPlace	south london	12	<adj> london	NNP NNP	0.16998912649510692	5.678591709256105E-4	0.004761904761904762	uth	0.41666666666666663	true	false	1
0	new	http://dbpedia.org/ontology/birthPlace	new bedford, massachusetts	5	<adj> bedford, massachusetts	JJ NNP , NNP	0.16998912649510692	5.678591709256105E-4	0.004761904761904762	new	0.11538461538461542	true	false	1
0	royal	http://dbpedia.org/ontology/birthPlace	royal oak, michigan	4	<adj> oak, michigan	NNP NNP , NNP	0.16998912649510692	5.678591709256105E-4	0.004761904761904762	yal	0.26315789473684215	true	false	1
0	west	http://dbpedia.org/ontology/birthPlace	west norwood	1	<adj> norwood	NNP NNP	0.16998912649510692	5.678591709256105E-4	0.004761904761904762	est	0.33333333333333337	true	false	1
0	illinois	http://dbpedia.org/ontology/birthPlace	norridge, illinois	1	norridge, <adj>	NNP , NNP	0.16998912649510692	5.678591709256105E-4	0.004761904761904762	ois	0.4444444444444444	false	true	2
0	western	http://dbpedia.org/ontology/birthPlace	broome, western australia	1	broome, <adj> australia	NNP , NNP NNP	0.16998912649510692	5.678591709256105E-4	0.004761904761904762	ern	0.28	false	false	2
0	western	http://dbpedia.org/ontology/birthPlace	western australia	18	<adj> australia	NNP NNP	0.16998912649510692	5.678591709256105E-4	0.004761904761904762	ern	0.4117647058823529	true	false	1
0	new	http://dbpedia.org/ontology/birthPlace	great river, new york	1	great river, <adj> york	NNP NNP , NNP NNP	0.16998912649510692	5.678591709256105E-4	0.004761904761904762	new	0.1428571428571429	false	false	3
0	north	http://dbpedia.org/ontology/birthPlace	warrenton, north carolina	1	warrenton, <adj> carolina	NNP , NNP NNP	0.16998912649510692	5.678591709256105E-4	0.004761904761904762	rth	0.19999999999999996	false	false	2
0	new	http://dbpedia.org/ontology/birthPlace	nutley, new jersey	1	nutley, <adj> jersey	NNP , NNP NNP	0.16998912649510692	5.678591709256105E-4	0.004761904761904762	new	0.16666666666666663	false	false	2
0	illinois	http://dbpedia.org/ontology/birthPlace	kenilworth, illinois	1	kenilworth, <adj>	NNP , NNP	0.16998912649510692	5.678591709256105E-4	0.004761904761904762	ois	0.4	false	true	2
0	french	http://dbpedia.org/ontology/birthPlace	french guinea	1	<adj> guinea	NNP NNP	0.16998912649510692	5.678591709256105E-4	0.004761904761904762	nch	0.46153846153846156	true	false	1
0	illinois	http://dbpedia.org/ontology/birthPlace	downers grove, illinois	2	downers grove, <adj>	NNP NNP , NNP	0.16998912649510692	5.678591709256105E-4	0.004761904761904762	ois	0.34782608695652173	false	true	3
0	new	http://dbpedia.org/ontology/birthPlace	camden, new jersey	5	camden, <adj> jersey	NNP , NNP NNP	0.16998912649510692	5.678591709256105E-4	0.004761904761904762	new	0.16666666666666663	false	false	2
0	bay	http://dbpedia.org/ontology/birthPlace	tiger bay	1	tiger <adj>	NNP NNP	0.16998912649510692	5.678591709256105E-4	0.004761904761904762	bay	0.33333333333333337	false	true	2
0	nice	http://dbpedia.org/ontology/birthPlace	nice	10	<adj>	JJ	0.16998912649510692	5.678591709256105E-4	0.004761904761904762	ice	1.0	true	true	1
0	illinois	http://dbpedia.org/ontology/birthPlace	springfield, illinois	4	springfield, <adj>	NNP , NNP	0.16998912649510692	5.678591709256105E-4	0.004761904761904762	ois	0.38095238095238093	false	true	2
0	illinois	http://dbpedia.org/ontology/birthPlace	hunt city, illinois	1	hunt city, <adj>	NNP NNP , NNP	0.16998912649510692	5.678591709256105E-4	0.004761904761904762	ois	0.42105263157894735	false	true	3
0	south	http://dbpedia.org/ontology/birthPlace	south korea	22	<adj> korea	NNP NNP	0.16998912649510692	5.678591709256105E-4	0.004761904761904762	uth	0.4545454545454546	true	false	1
0	illinois	http://dbpedia.org/ontology/birthPlace	jasper county, illinois	1	jasper county, <adj>	NNP NNP , NNP	0.16998912649510692	5.678591709256105E-4	0.004761904761904762	ois	0.34782608695652173	false	true	3
0	british	http://dbpedia.org/ontology/birthPlace	comox, british columbia	1	comox, <adj> columbia	NNP , NNP NNP	0.16998912649510692	5.678591709256105E-4	0.004761904761904762	ish	0.30434782608695654	false	false	2
0	new	http://dbpedia.org/ontology/birthPlace	kearny, new jersey	1	kearny, <adj> jersey	NNP , NNP NNP	0.16998912649510692	5.678591709256105E-4	0.004761904761904762	new	0.16666666666666663	false	false	2
1	dutch	http://dbpedia.org/ontology/birthPlace	dutch republic	11	<adj> republic	NNP NNP	0.16998912649510692	5.678591709256105E-4	0.004761904761904762	tch	0.3571428571428571	true	false	1
0	new	http://dbpedia.org/ontology/birthPlace	clarendon, new york	1	clarendon, <adj> york	NNP , NNP NNP	0.16998912649510692	5.678591709256105E-4	0.004761904761904762	new	0.1578947368421053	false	false	2
0	green	http://dbpedia.org/ontology/birthPlace	winson green	1	winson <adj>	NNP NNP	0.16998912649510692	5.678591709256105E-4	0.004761904761904762	een	0.41666666666666663	false	true	2
0	british	http://dbpedia.org/ontology/birthPlace	anahim lake, british columbia	1	anahim lake, <adj> columbia	NNP NNP , NNP NNP	0.16998912649510692	5.678591709256105E-4	0.004761904761904762	ish	0.24137931034482762	false	false	3
0	illinois	http://dbpedia.org/ontology/birthPlace	barrington, illinois	1	barrington, <adj>	NNP , NNP	0.16998912649510692	5.678591709256105E-4	0.004761904761904762	ois	0.4	false	true	2
0	new	http://dbpedia.org/ontology/birthPlace	east orange, new jersey	5	east orange, <adj> jersey	NNP NNP , NNP NNP	0.16998912649510692	5.678591709256105E-4	0.004761904761904762	new	0.13043478260869568	false	false	3
0	illinois	http://dbpedia.org/ontology/birthPlace	park ridge, illinois	3	park ridge, <adj>	NNP NNP , NNP	0.16998912649510692	5.678591709256105E-4	0.004761904761904762	ois	0.4	false	true	3
0	new	http://dbpedia.org/ontology/birthPlace	new hope, pennsylvania	1	<adj> hope, pennsylvania	JJ NN , NNP	0.16998912649510692	5.678591709256105E-4	0.004761904761904762	new	0.13636363636363635	true	false	1
0	illinois	http://dbpedia.org/ontology/birthPlace	decatur, illinois	5	decatur, <adj>	NNP , NNP	0.16998912649510692	5.678591709256105E-4	0.004761904761904762	ois	0.47058823529411764	false	true	2
0	long	http://dbpedia.org/ontology/birthPlace	long beach, california	29	<adj> beach, california	NNP NNP , NNP	0.16998912649510692	5.678591709256105E-4	0.004761904761904762	ong	0.18181818181818177	true	false	1
0	ducal	http://dbpedia.org/ontology/birthPlace	ducal palace of vila viçosa	1	<adj> palace of vila viçosa	NNP NNP IN NNP NNP	0.16998912649510692	5.678591709256105E-4	0.004761904761904762	cal	0.18518518518518523	true	false	1
0	west	http://dbpedia.org/ontology/birthPlace	lye, west midlands	1	lye, <adj> midlands	NNP , NNP NNPS	0.16998912649510692	5.678591709256105E-4	0.004761904761904762	est	0.2222222222222222	false	false	2
0	negro	http://dbpedia.org/ontology/birthPlace	río negro province	2	río <adj> province	NNP NNP NNP	0.16998912649510692	5.678591709256105E-4	0.004761904761904762	gro	0.2777777777777778	false	false	2
0	little	http://dbpedia.org/ontology/birthPlace	little compton, rhode island	1	<adj> compton, rhode island	JJ NNP , NNP NNP	0.16998912649510692	5.678591709256105E-4	0.004761904761904762	tle	0.2142857142857143	true	false	1
0	new	http://dbpedia.org/ontology/birthPlace	livingston, new jersey	2	livingston, <adj> jersey	NNP , NNP NNP	0.16998912649510692	5.678591709256105E-4	0.004761904761904762	new	0.13636363636363635	false	false	2
0	port	http://dbpedia.org/ontology/birthPlace	port louis	2	<adj> louis	NNP NNP	0.16998912649510692	5.678591709256105E-4	0.004761904761904762	ort	0.4	true	false	1
0	south	http://dbpedia.org/ontology/birthPlace	south yorkshire	7	<adj> yorkshire	NNP NNP	0.16998912649510692	5.678591709256105E-4	0.004761904761904762	uth	0.33333333333333337	true	false	1
0	cocoa	http://dbpedia.org/ontology/birthPlace	cocoa beach, florida	1	<adj> beach, florida	NN NN , NNP	0.16998912649510692	5.678591709256105E-4	0.004761904761904762	coa	0.25	true	false	1
0	modern	http://dbpedia.org/ontology/birthPlace	early modern france	4	early <adj> france	JJ JJ NNP	0.16998912649510692	5.678591709256105E-4	0.004761904761904762	ern	0.3157894736842105	false	false	2
1	korean	http://dbpedia.org/ontology/birthPlace	korean empire	1	<adj> empire	JJ NN	0.16998912649510692	5.678591709256105E-4	0.004761904761904762	ean	0.46153846153846156	true	false	1
0	new	http://dbpedia.org/ontology/birthPlace	albany, new york	13	albany, <adj> york	NNP , NNP NNP	0.16998912649510692	5.678591709256105E-4	0.004761904761904762	new	0.1875	false	false	2
1	papal	http://dbpedia.org/ontology/birthPlace	papal states	20	<adj> states	JJ NNS	0.16998912649510692	5.678591709256105E-4	0.004761904761904762	pal	0.41666666666666663	true	false	1
0	aberdeenshire	http://dbpedia.org/ontology/birthPlace	aberdeenshire	4	<adj>	NNP	0.16998912649510692	5.678591709256105E-4	0.004761904761904762	ire	1.0	true	true	1
1	fujian	http://dbpedia.org/ontology/birthPlace	fujian	2	<adj>	NNP	0.16998912649510692	5.678591709256105E-4	0.004761904761904762	ian	1.0	true	true	1
0	illinois	http://dbpedia.org/ontology/birthPlace	aurora, illinois	3	aurora, <adj>	NNP , NNP	0.16998912649510692	5.678591709256105E-4	0.004761904761904762	ois	0.5	false	true	2
0	new	http://dbpedia.org/ontology/birthPlace	binghamton, new york	5	binghamton, <adj> york	NNP , NNP NNP	0.16998912649510692	5.678591709256105E-4	0.004761904761904762	new	0.15000000000000002	false	false	2
0	west	http://dbpedia.org/ontology/birthPlace	west allis, wisconsin	2	<adj> allis, wisconsin	NNP NNP , NNP	0.16998912649510692	5.678591709256105E-4	0.004761904761904762	est	0.19047619047619047	true	false	1
0	200	http://dbpedia.org/ontology/birthPlace	billboard 200	4	billboard <adj>	NN CD	0.16998912649510692	5.678591709256105E-4	0.004761904761904762	200	0.23076923076923073	false	true	2
0	state	http://dbpedia.org/ontology/birthPlace	enugu state	1	enugu <adj>	NNP NNP	0.16998912649510692	5.678591709256105E-4	0.004761904761904762	ate	0.4545454545454546	false	true	2
0	south	http://dbpedia.org/ontology/birthPlace	andrews, south carolina	1	andrews, <adj> carolina	NNP , NNP NNP	0.16998912649510692	5.678591709256105E-4	0.004761904761904762	uth	0.21739130434782605	false	false	2
0	naval	http://dbpedia.org/ontology/birthPlace	united states naval training center, bainbridge	1	united states <adj> training center, bainbridge	NNP NNPS JJ NN NN , NNP	0.16998912649510692	5.678591709256105E-4	0.004761904761904762	val	0.1063829787234043	false	false	3
0	new	http://dbpedia.org/ontology/birthPlace	bethpage, new york	4	bethpage, <adj> york	NNP , NNP NNP	0.16998912649510692	5.678591709256105E-4	0.004761904761904762	new	0.16666666666666663	false	false	2
0	north	http://dbpedia.org/ontology/birthPlace	north platte, nebraska	3	<adj> platte, nebraska	NNP NNP , NNP	0.16998912649510692	5.678591709256105E-4	0.004761904761904762	rth	0.2272727272727273	true	false	1
0	cork	http://dbpedia.org/ontology/birthPlace	county cork	10	county <adj>	NNP NN	0.16998912649510692	5.678591709256105E-4	0.004761904761904762	ork	0.36363636363636365	false	true	2
0	manila	http://dbpedia.org/ontology/birthPlace	manila	4	<adj>	NNP	0.16998912649510692	5.678591709256105E-4	0.004761904761904762	ila	1.0	true	true	1
0	long	http://dbpedia.org/ontology/birthPlace	long valley caldera	1	<adj> valley caldera	NNP NNP NN	0.16998912649510692	5.678591709256105E-4	0.004761904761904762	ong	0.21052631578947367	true	false	1
0	north	http://dbpedia.org/ontology/birthPlace	gaston, north carolina	1	gaston, <adj> carolina	NNP , NNP NNP	0.16998912649510692	5.678591709256105E-4	0.004761904761904762	rth	0.2272727272727273	false	false	2
0	la	http://dbpedia.org/ontology/birthPlace	la coronilla	1	<adj> coronil<adj>	NNP NNP	0.16998912649510692	5.678591709256105E-4	0.004761904761904762	la	0.16666666666666663	true	false	1
0	new	http://dbpedia.org/ontology/birthPlace	montclair, new jersey	5	montclair, <adj> jersey	NNP , NNP NNP	0.16998912649510692	5.678591709256105E-4	0.004761904761904762	new	0.1428571428571429	false	false	2
0	state	http://dbpedia.org/ontology/birthPlace	anambra state	1	anambra <adj>	NNP NNP	0.16998912649510692	5.678591709256105E-4	0.004761904761904762	ate	0.3846153846153846	false	true	2
0	north	http://dbpedia.org/ontology/birthPlace	north lanarkshire	2	<adj> lanarkshire	NNP NNP	0.16998912649510692	5.678591709256105E-4	0.004761904761904762	rth	0.2941176470588235	true	false	1
0	cork	http://dbpedia.org/ontology/birthPlace	douglas, county cork	1	douglas, county <adj>	NNP , NNP NN	0.16998912649510692	5.678591709256105E-4	0.004761904761904762	ork	0.19999999999999996	false	true	3
0	new	http://dbpedia.org/ontology/birthPlace	long branch, new jersey	5	long branch, <adj> jersey	JJ NN , NNP NNP	0.16998912649510692	5.678591709256105E-4	0.004761904761904762	new	0.13043478260869568	false	false	3
0	north	http://dbpedia.org/ontology/birthPlace	raleigh, north carolina	4	raleigh, <adj> carolina	NNP , NNP NNP	0.16998912649510692	5.678591709256105E-4	0.004761904761904762	rth	0.21739130434782605	false	false	2
0	national	http://dbpedia.org/ontology/birthPlace	italy national football team	9	italy <adj> football team	NNP NNP NNP NN	0.16998912649510692	5.678591709256105E-4	0.004761904761904762	nal	0.2857142857142857	false	false	2
0	east	http://dbpedia.org/ontology/birthPlace	east ham	3	<adj> ham	NNP NN	0.16998912649510692	5.678591709256105E-4	0.004761904761904762	ast	0.5	true	false	1
0	state	http://dbpedia.org/ontology/birthPlace	texcoco, state of mexico	1	texcoco, <adj> of mexico	NNP , NN IN NNP	0.16998912649510692	5.678591709256105E-4	0.004761904761904762	ate	0.20833333333333337	false	false	2
0	west	http://dbpedia.org/ontology/birthPlace	west hartlepool	1	<adj> hartlepool	NNP NNP	0.16998912649510692	5.678591709256105E-4	0.004761904761904762	est	0.2666666666666667	true	false	1
0	french	http://dbpedia.org/ontology/birthPlace	french polynesia	3	<adj> polynesia	JJ NN	0.16998912649510692	5.678591709256105E-4	0.004761904761904762	nch	375	true	false	1
0	north	http://dbpedia.org/ontology/birthPlace	edmore, north dakota	1	edmore, <adj> dakota	NNP , NNP NNP	0.16998912649510692	5.678591709256105E-4	0.004761904761904762	rth	0.25	false	false	2
0	north	http://dbpedia.org/ontology/birthPlace	north bay, ontario	4	<adj> bay, ontario	NNP NNP , NNP	0.16998912649510692	5.678591709256105E-4	0.004761904761904762	rth	0.2777777777777778	true	false	1
1	abidjan	http://dbpedia.org/ontology/birthPlace	abidjan	7	<adj>	NNP	0.16998912649510692	5.678591709256105E-4	0.004761904761904762	jan	1.0	true	true	1
0	national	http://dbpedia.org/ontology/birthPlace	united states men's national soccer team	4	united states men's <adj> soccer team	NNP NNPS NNP POS JJ NN NN	0.16998912649510692	5.678591709256105E-4	0.004761904761904762	nal	0.19999999999999996	false	false	4
0	la	http://dbpedia.org/ontology/birthPlace	la jolla	7	<adj> jol<adj>	NNP NNP	0.16998912649510692	5.678591709256105E-4	0.004761904761904762	la	0.25	true	false	1
0	north	http://dbpedia.org/ontology/birthPlace	north dakota	4	<adj> dakota	NNP NNP	0.16998912649510692	5.678591709256105E-4	0.004761904761904762	rth	0.41666666666666663	true	false	1
1	ottoman	http://dbpedia.org/ontology/birthPlace	ottoman greece	1	<adj> greece	NNP NNP	0.16998912649510692	5.678591709256105E-4	0.004761904761904762	man	0.5	true	false	1
0	grand	http://dbpedia.org/ontology/birthPlace	grand haven, michigan	1	<adj> haven, michigan	NNP NNP , NNP	0.16998912649510692	5.678591709256105E-4	0.004761904761904762	and	0.23809523809523814	true	false	1
0	west	http://dbpedia.org/ontology/birthPlace	clarksburg, west virginia	3	clarksburg, <adj> virginia	NNP , NNP NNP	0.16998912649510692	5.678591709256105E-4	0.004761904761904762	est	0.16000000000000003	false	false	2
0	north	http://dbpedia.org/ontology/birthPlace	kannapolis, north carolina	1	kannapolis, <adj> carolina	NNP , NNP NNP	0.16998912649510692	5.678591709256105E-4	0.004761904761904762	rth	0.1923076923076923	false	false	2
0	new	http://dbpedia.org/ontology/birthPlace	white plains, new york	3	white plains, <adj> york	NNP NNP , NNP NNP	0.16998912649510692	5.678591709256105E-4	0.004761904761904762	new	0.13636363636363635	false	false	3
0	new	http://dbpedia.org/ontology/birthPlace	yonkers, new york	12	yonkers, <adj> york	NNP , NNP NNP	0.16998912649510692	5.678591709256105E-4	0.004761904761904762	new	0.17647058823529416	false	false	2
0	socialist	http://dbpedia.org/ontology/birthPlace	lithuanian soviet socialist republic	2	lithuanian soviet <adj> republic	JJ JJ JJ NN	0.16998912649510692	5.678591709256105E-4	0.004761904761904762	ist	0.25	false	false	3
0	national	http://dbpedia.org/ontology/birthPlace	croatia national football team	1	croatia <adj> football team	NNP NNP NNP NN	0.16998912649510692	5.678591709256105E-4	0.004761904761904762	nal	0.2666666666666667	false	false	2
0	socialist	http://dbpedia.org/ontology/birthPlace	kazakh soviet socialist republic	6	kazakh soviet <adj> republic	NNP NNP NNP NNP	0.16998912649510692	5.678591709256105E-4	0.004761904761904762	ist	0.28125	false	false	3
0	illinois	http://dbpedia.org/ontology/birthPlace	urbana, illinois	5	urbana, <adj>	NNP , NNP	0.16998912649510692	5.678591709256105E-4	0.004761904761904762	ois	0.5	false	true	2
0	new	http://dbpedia.org/ontology/birthPlace	henderson, new york	2	henderson, <adj> york	NNP , NNP NNP	0.16998912649510692	5.678591709256105E-4	0.004761904761904762	new	0.1578947368421053	false	false	2
0	new	http://dbpedia.org/ontology/birthPlace	massapequa, new york	3	massapequa, <adj> york	NNP , NNP NNP	0.16998912649510692	5.678591709256105E-4	0.004761904761904762	new	0.15000000000000002	false	false	2
0	new	http://dbpedia.org/ontology/birthPlace	scarsdale, new york	2	scarsdale, <adj> york	NNP , NNP NNP	0.16998912649510692	5.678591709256105E-4	0.004761904761904762	new	0.1578947368421053	false	false	2
0	south	http://dbpedia.org/ontology/birthPlace	old reynella, south australia	1	old reynella, <adj> australia	JJ NN , NNP NNP	0.16998912649510692	5.678591709256105E-4	0.004761904761904762	uth	0.1724137931034483	false	false	3
0	new	http://dbpedia.org/ontology/birthPlace	new malden	1	<adj> malden	JJ NNP	0.16998912649510692	5.678591709256105E-4	0.004761904761904762	new	0.30000000000000004	true	false	1
0	new	http://dbpedia.org/ontology/birthPlace	pequannock township, new jersey	1	pequannock township, <adj> jersey	NNP NNP , NNP NNP	0.16998912649510692	5.678591709256105E-4	0.004761904761904762	new	0.09677419354838712	false	false	3
0	new	http://dbpedia.org/ontology/birthPlace	orange, new jersey	7	orange, <adj> jersey	NNP , NNP NNP	0.16998912649510692	5.678591709256105E-4	0.004761904761904762	new	0.16666666666666663	false	false	2
0	new	http://dbpedia.org/ontology/birthPlace	newcastle, new brunswick	1	<adj>castle, <adj> brunswick	NNP , NNP NNP	0.16998912649510692	5.678591709256105E-4	0.004761904761904762	new	125	false	false	2
0	west	http://dbpedia.org/ontology/birthPlace	west lothian	3	<adj> lothian	NNP NNP	0.16998912649510692	5.678591709256105E-4	0.004761904761904762	est	0.33333333333333337	true	false	1
0	green	http://dbpedia.org/ontology/birthPlace	acocks green	1	acocks <adj>	NNP NNP	0.16998912649510692	5.678591709256105E-4	0.004761904761904762	een	0.41666666666666663	false	true	2
0	west	http://dbpedia.org/ontology/birthPlace	west hills, los angeles	3	<adj> hills, los angeles	NNP NNP , NNP NNP	0.16998912649510692	5.678591709256105E-4	0.004761904761904762	est	0.17391304347826086	true	false	1
0	new	http://dbpedia.org/ontology/birthPlace	armonk, new york	3	armonk, <adj> york	NNP , NNP NNP	0.16998912649510692	5.678591709256105E-4	0.004761904761904762	new	0.1875	false	false	2
0	national	http://dbpedia.org/ontology/birthPlace	canada men's national ice hockey team	6	canada men's <adj> ice hockey team	NNP NNP POS JJ NN NN NN	0.16998912649510692	5.678591709256105E-4	0.004761904761904762	nal	0.21621621621621623	false	false	3
0	west	http://dbpedia.org/ontology/birthPlace	riebeek west	2	riebeek <adj>	NNP NNP	0.16998912649510692	5.678591709256105E-4	0.004761904761904762	est	0.33333333333333337	false	true	2
0	new	http://dbpedia.org/ontology/birthPlace	new hampshire	8	<adj> hampshire	NNP NNP	0.16998912649510692	5.678591709256105E-4	0.004761904761904762	new	0.23076923076923073	true	false	1
0	royal	http://dbpedia.org/ontology/birthPlace	royal prussia	1	<adj> prussia	NNP NNP	0.16998912649510692	5.678591709256105E-4	0.004761904761904762	yal	0.3846153846153846	true	false	1
0	south	http://dbpedia.org/ontology/birthPlace	york county, south carolina	1	york county, <adj> carolina	NNP NNP , NNP NNP	0.16998912649510692	5.678591709256105E-4	0.004761904761904762	uth	0.18518518518518523	false	false	3
0	new	http://dbpedia.org/ontology/birthPlace	salisbury, new hampshire	1	salisbury, <adj> hampshire	NNP , NNP NNP	0.16998912649510692	5.678591709256105E-4	0.004761904761904762	new	125	false	false	2
0	northern	http://dbpedia.org/ontology/birthPlace	northern territory	2	<adj> territory	JJ NN	0.16998912649510692	5.678591709256105E-4	0.004761904761904762	ern	0.4444444444444444	true	false	1
0	great	http://dbpedia.org/ontology/birthPlace	great harwood	1	<adj> harwood	JJ NNP	0.16998912649510692	5.678591709256105E-4	0.004761904761904762	eat	0.3846153846153846	true	false	1
0	battle	http://dbpedia.org/ontology/birthPlace	battle ground, indiana	1	<adj> ground, indiana	NN NN , NNP	0.16998912649510692	5.678591709256105E-4	0.004761904761904762	tle	0.2727272727272727	true	false	1
0	land	http://dbpedia.org/ontology/birthPlace	arnhem land	1	arnhem <adj>	NNP NNP	0.16998912649510692	5.678591709256105E-4	0.004761904761904762	and	0.36363636363636365	false	true	2
0	new	http://dbpedia.org/ontology/birthPlace	short hills, new jersey	1	short hills, <adj> jersey	NNP NNP , NNP NNP	0.16998912649510692	5.678591709256105E-4	0.004761904761904762	new	0.13043478260869568	false	false	3
0	new	http://dbpedia.org/ontology/birthPlace	cornwall-on-hudson, new york	1	cornwall-on-hudson, <adj> york	NNP , NNP NNP	0.16998912649510692	5.678591709256105E-4	0.004761904761904762	new	0.1071428571428571	false	false	2
0	north	http://dbpedia.org/ontology/birthPlace	north hollywood, los angeles	3	<adj> hollywood, los angeles	NNP NNP , NNP NNP	0.16998912649510692	5.678591709256105E-4	0.004761904761904762	rth	0.1785714285714286	true	false	1
0	run	http://dbpedia.org/ontology/birthPlace	paper mill run	1	paper mill <adj>	NN NN NN	0.16998912649510692	5.678591709256105E-4	0.004761904761904762	run	0.2142857142857143	false	true	3
0	new	http://dbpedia.org/ontology/birthPlace	englewood, new jersey	10	englewood, <adj> jersey	NNP , NNP NNP	0.16998912649510692	5.678591709256105E-4	0.004761904761904762	new	0.1428571428571429	false	false	2
0	hood	http://dbpedia.org/ontology/birthPlace	fort hood	2	fort <adj>	NNP NN	0.16998912649510692	5.678591709256105E-4	0.004761904761904762	ood	0.4444444444444444	false	true	2
0	new	http://dbpedia.org/ontology/birthPlace	haddonfield, new jersey	2	haddonfield, <adj> jersey	NNP , NNP NNP	0.16998912649510692	5.678591709256105E-4	0.004761904761904762	new	0.13043478260869568	false	false	2
0	new	http://dbpedia.org/ontology/birthPlace	rockville centre, new york	4	rockville centre, <adj> york	NNP NNP , NNP NNP	0.16998912649510692	5.678591709256105E-4	0.004761904761904762	new	0.11538461538461542	false	false	3
0	milanese	http://dbpedia.org/ontology/birthPlace	nova milanese	1	nova <adj>	NNP NNP	0.16998912649510692	5.678591709256105E-4	0.004761904761904762	ese	0.6153846153846154	false	true	2
0	new	http://dbpedia.org/ontology/birthPlace	teaneck, new jersey	4	teaneck, <adj> jersey	NNP , NNP NNP	0.16998912649510692	5.678591709256105E-4	0.004761904761904762	new	0.1578947368421053	false	false	2
0	illinois	http://dbpedia.org/ontology/birthPlace	winnetka, illinois	1	winnetka, <adj>	NNP , NNP	0.16998912649510692	5.678591709256105E-4	0.004761904761904762	ois	0.4444444444444444	false	true	2
0	illinois	http://dbpedia.org/ontology/birthPlace	hinsdale, illinois	1	hinsdale, <adj>	NNP , NNP	0.16998912649510692	5.678591709256105E-4	0.004761904761904762	ois	0.4444444444444444	false	true	2
0	lower	http://dbpedia.org/ontology/birthPlace	brake, lower saxony	1	brake, <adj> saxony	NNP , JJR NNP	0.16998912649510692	5.678591709256105E-4	0.004761904761904762	wer	0.26315789473684215	false	false	2
0	north	http://dbpedia.org/ontology/birthPlace	cando, north dakota	1	cando, <adj> dakota	NNP , NNP NNP	0.16998912649510692	5.678591709256105E-4	0.004761904761904762	rth	0.26315789473684215	false	false	2
0	new	http://dbpedia.org/ontology/birthPlace	jersey city, new jersey	16	jersey city, <adj> jersey	NNP NNP , NNP NNP	0.16998912649510692	5.678591709256105E-4	0.004761904761904762	new	0.13043478260869568	false	false	3
0	sterling	http://dbpedia.org/ontology/birthPlace	sterling heights, michigan	2	<adj> heights, michigan	NNP NNP , NNP	0.16998912649510692	5.678591709256105E-4	0.004761904761904762	ing	0.3076923076923077	true	false	1
0	socialist	http://dbpedia.org/ontology/birthPlace	uzbek soviet socialist republic	1	uzbek soviet <adj> republic	NNP NNP NNP NNP	0.16998912649510692	5.678591709256105E-4	0.004761904761904762	ist	0.29032258064516125	false	false	3
0	new	http://dbpedia.org/ontology/birthPlace	flemington, new jersey	1	flemington, <adj> jersey	NNP , NNP NNP	0.16998912649510692	5.678591709256105E-4	0.004761904761904762	new	0.13636363636363635	false	false	2
0	west	http://dbpedia.org/ontology/birthPlace	west riding of yorkshire	46	<adj> riding of yorkshire	NNP VBG IN NNP	0.16998912649510692	5.678591709256105E-4	0.004761904761904762	est	0.16666666666666663	true	false	1
0	district	http://dbpedia.org/ontology/birthPlace	narowal district	1	narowal <adj>	JJ NN	0.16998912649510692	5.678591709256105E-4	0.004761904761904762	ict	0.5	false	true	2
0	spanish	http://dbpedia.org/ontology/birthPlace	spanish town	4	<adj> town	NNP NNP	0.16998912649510692	5.678591709256105E-4	0.004761904761904762	ish	0.5833333333333333	true	false	1
0	south	http://dbpedia.org/ontology/birthPlace	orangeburg, south carolina	2	orangeburg, <adj> carolina	NNP , NNP NNP	0.16998912649510692	5.678591709256105E-4	0.004761904761904762	uth	0.1923076923076923	false	false	2
0	metropolitan	http://dbpedia.org/ontology/birthPlace	metropolitan borough of wirral	1	<adj> borough of wirral	NNP NNP IN NNP	0.16998912649510692	5.678591709256105E-4	0.004761904761904762	tan	0.4	true	false	1
0	north	http://dbpedia.org/ontology/birthPlace	deep gap, north carolina	1	deep gap, <adj> carolina	JJ NN , NNP NNP	0.16998912649510692	5.678591709256105E-4	0.004761904761904762	rth	0.20833333333333337	false	false	3
0	grand	http://dbpedia.org/ontology/birthPlace	grand river, ohio	1	<adj> river, ohio	NNP NNP , NNP	0.16998912649510692	5.678591709256105E-4	0.004761904761904762	and	0.2941176470588235	true	false	1
0	state	http://dbpedia.org/ontology/birthPlace	imo state	2	imo <adj>	NNP NNP	0.16998912649510692	5.678591709256105E-4	0.004761904761904762	ate	0.5555555555555556	false	true	2
0	la	http://dbpedia.org/ontology/birthPlace	jerez de la frontera	2	jerez de <adj> frontera	NNP FW NNP NNP	0.16998912649510692	5.678591709256105E-4	0.004761904761904762	la	0.09999999999999998	false	false	3
0	western	http://dbpedia.org/ontology/birthPlace	jigalong community, western australia	1	jigalong community, <adj> australia	NNP NNP , NNP NNP	0.16998912649510692	5.678591709256105E-4	0.004761904761904762	ern	0.18918918918918914	false	false	3
0	north	http://dbpedia.org/ontology/birthPlace	boiling springs, north carolina	1	boiling springs, <adj> carolina	VBG NNP , NNP NNP	0.16998912649510692	5.678591709256105E-4	0.004761904761904762	rth	0.16129032258064513	false	false	3
0	free	http://dbpedia.org/ontology/birthPlace	free city of danzig	3	<adj> city of danzig	JJ NN IN NNP	0.16998912649510692	5.678591709256105E-4	0.004761904761904762	ree	0.21052631578947367	true	false	1
0	south	http://dbpedia.org/ontology/birthPlace	grafton, new south wales	2	grafton, new <adj> wales	NNP , NNP NNP NNP	0.16998912649510692	5.678591709256105E-4	0.004761904761904762	uth	0.20833333333333337	false	false	3
0	north	http://dbpedia.org/ontology/birthPlace	north canton, ohio	1	<adj> canton, ohio	NNP NNP , NNP	0.16998912649510692	5.678591709256105E-4	0.004761904761904762	rth	0.2777777777777778	true	false	1
0	north	http://dbpedia.org/ontology/birthPlace	shelby, north carolina	3	shelby, <adj> carolina	NNP , NNP NNP	0.16998912649510692	5.678591709256105E-4	0.004761904761904762	rth	0.2272727272727273	false	false	2
0	strait	http://dbpedia.org/ontology/birthPlace	torres strait islands	1	torres <adj> islands	NNP NNP NNPS	0.16998912649510692	5.678591709256105E-4	0.004761904761904762	ait	0.2857142857142857	false	false	2
0	union	http://dbpedia.org/ontology/birthPlace	union springs, alabama	1	<adj> springs, alabama	NNP NNP , NNP	0.16998912649510692	5.678591709256105E-4	0.004761904761904762	ion	0.2272727272727273	true	false	1
0	nazi	http://dbpedia.org/ontology/birthPlace	nazi germany	7	<adj> germany	NNP NNP	0.16998912649510692	5.678591709256105E-4	0.004761904761904762	azi	0.33333333333333337	true	false	1
0	national	http://dbpedia.org/ontology/birthPlace	netherlands national football team	5	netherlands <adj> football team	NNP NNP NNP NN	0.16998912649510692	5.678591709256105E-4	0.004761904761904762	nal	0.23529411764705888	false	false	2
0	bad	http://dbpedia.org/ontology/birthPlace	bad kreuznach	4	<adj> kreuznach	JJ NN	0.16998912649510692	5.678591709256105E-4	0.004761904761904762	bad	0.23076923076923073	true	false	1
0	illinois	http://dbpedia.org/ontology/birthPlace	harvey, illinois	3	harvey, <adj>	NNP , NNP	0.16998912649510692	5.678591709256105E-4	0.004761904761904762	ois	0.5	false	true	2
0	lincoln	http://dbpedia.org/ontology/birthPlace	lincoln county, maine	1	<adj> county, maine	NNP NNP , NNP	0.16998912649510692	5.678591709256105E-4	0.004761904761904762	oln	0.33333333333333337	true	false	1
0	hackney	http://dbpedia.org/ontology/birthPlace	london borough of hackney	13	london borough of <adj>	NNP NN IN NNP	0.16998912649510692	5.678591709256105E-4	0.004761904761904762	ney	0.28	false	true	4
0	socialist	http://dbpedia.org/ontology/birthPlace	socialist republic of bosnia and herzegovina	7	<adj> republic of bosnia and herzegovina	NNP NNP IN NNP CC NNP	0.16998912649510692	5.678591709256105E-4	0.004761904761904762	ist	0.20454545454545459	true	false	1
0	illinois	http://dbpedia.org/ontology/birthPlace	evanston, illinois	9	evanston, <adj>	NNP , NNP	0.16998912649510692	5.678591709256105E-4	0.004761904761904762	ois	0.4444444444444444	false	true	2
0	new	http://dbpedia.org/ontology/birthPlace	glen cove, new york	4	glen cove, <adj> york	NNP NNP , NNP NNP	0.16998912649510692	5.678591709256105E-4	0.004761904761904762	new	0.1578947368421053	false	false	3
0	new	http://dbpedia.org/ontology/birthPlace	portsmouth, new hampshire	3	portsmouth, <adj> hampshire	NNP , NNP NNP	0.16998912649510692	5.678591709256105E-4	0.004761904761904762	new	0.12	false	false	2
0	north	http://dbpedia.org/ontology/birthPlace	salisbury, north carolina	2	salisbury, <adj> carolina	NNP , NNP NNP	0.16998912649510692	5.678591709256105E-4	0.004761904761904762	rth	0.19999999999999996	false	false	2
0	salt	http://dbpedia.org/ontology/birthPlace	salt lake city	16	<adj> lake city	NNP NNP NNP	0.16998912649510692	5.678591709256105E-4	0.004761904761904762	alt	0.2857142857142857	true	false	1
0	illinois	http://dbpedia.org/ontology/birthPlace	bloomington, illinois	3	bloomington, <adj>	NNP , NNP	0.16998912649510692	5.678591709256105E-4	0.004761904761904762	ois	0.38095238095238093	false	true	2
0	bay	http://dbpedia.org/ontology/birthPlace	massachusetts bay colony	1	massachusetts <adj> colony	NNP NNP NNP	0.16998912649510692	5.678591709256105E-4	0.004761904761904762	bay	125	false	false	2
0	upper	http://dbpedia.org/ontology/birthPlace	upper galilee	1	<adj> galilee	JJ NNP	0.16998912649510692	5.678591709256105E-4	0.004761904761904762	per	0.3846153846153846	true	false	1
0	bay	http://dbpedia.org/ontology/birthPlace	bay city, michigan	3	<adj> city, michigan	NNP NNP , NNP	0.16998912649510692	5.678591709256105E-4	0.004761904761904762	bay	0.16666666666666663	true	false	1
0	new	http://dbpedia.org/ontology/birthPlace	syracuse, new york	9	syracuse, <adj> york	NNP , NNP NNP	0.16998912649510692	5.678591709256105E-4	0.004761904761904762	new	0.16666666666666663	false	false	2
0	socialist	http://dbpedia.org/ontology/birthPlace	tajik soviet socialist republic	2	tajik soviet <adj> republic	NNP NNP NNP NNP	0.16998912649510692	5.678591709256105E-4	0.004761904761904762	ist	0.29032258064516125	false	false	3
0	bay	http://dbpedia.org/ontology/birthPlace	thunder bay	4	thunder <adj>	NN NN	0.16998912649510692	5.678591709256105E-4	0.004761904761904762	bay	0.2727272727272727	false	true	2
0	illinois	http://dbpedia.org/ontology/birthPlace	pekin, illinois	3	pekin, <adj>	NNP , NNP	0.16998912649510692	5.678591709256105E-4	0.004761904761904762	ois	0.5333333333333333	false	true	2
0	south	http://dbpedia.org/ontology/birthPlace	south salem, ohio	1	<adj> salem, ohio	NNP NNP , NNP	0.16998912649510692	5.678591709256105E-4	0.004761904761904762	uth	0.2941176470588235	true	false	1
0	new	http://dbpedia.org/ontology/birthPlace	westchester county, new york	4	westchester county, <adj> york	NNP NNP , NNP NNP	0.16998912649510692	5.678591709256105E-4	0.004761904761904762	new	0.1071428571428571	false	false	3
0	sheen	http://dbpedia.org/ontology/birthPlace	east sheen	2	east <adj>	NNP NNP	0.16998912649510692	5.678591709256105E-4	0.004761904761904762	een	0.5	false	true	2
0	south	http://dbpedia.org/ontology/birthPlace	aiken, south carolina	3	aiken, <adj> carolina	NNP , NNP NNP	0.16998912649510692	5.678591709256105E-4	0.004761904761904762	uth	0.23809523809523814	false	false	2
0	new	http://dbpedia.org/ontology/birthPlace	oswego, new york	1	oswego, <adj> york	NNP , NNP NNP	0.16998912649510692	5.678591709256105E-4	0.004761904761904762	new	0.1875	false	false	2
0	la	http://dbpedia.org/ontology/birthPlace	santa cruz de la sierra	1	santa cruz de <adj> sierra	NNP NNP IN NNP NNP	0.16998912649510692	5.678591709256105E-4	0.004761904761904762	la	0.08695652173913049	false	false	4
0	south	http://dbpedia.org/ontology/birthPlace	cudworth, south yorkshire	1	cudworth, <adj> yorkshire	NNP , NNP NNP	0.16998912649510692	5.678591709256105E-4	0.004761904761904762	uth	0.19999999999999996	false	false	2
0	silesian	http://dbpedia.org/ontology/birthPlace	strupice, lower silesian voivodeship	1	strupice, lower <adj> voivodeship	NNP , JJR JJ NN	0.16998912649510692	5.678591709256105E-4	0.004761904761904762	ian	0.2222222222222222	false	false	3
0	bad	http://dbpedia.org/ontology/birthPlace	bad wildbad	1	<adj> wild<adj>	JJ NNP	0.16998912649510692	5.678591709256105E-4	0.004761904761904762	bad	0.2727272727272727	true	false	1
0	illinois	http://dbpedia.org/ontology/birthPlace	east st. louis, illinois	4	east st. louis, <adj>	NNP NNP NNP , NNP	0.16998912649510692	5.678591709256105E-4	0.004761904761904762	ois	0.33333333333333337	false	true	4
0	im	http://dbpedia.org/ontology/birthPlace	ried im innkreis	1	ried <adj> innkreis	JJ NN NN	0.16998912649510692	5.678591709256105E-4	0.004761904761904762	im	125	false	false	2
1	pomeranian	http://dbpedia.org/ontology/birthPlace	unin, west pomeranian voivodeship	1	unin, west <adj> voivodeship	NNP , NNP NNP NNP	0.16998912649510692	5.678591709256105E-4	0.004761904761904762	ian	0.303030303030303	false	false	3
1	silesian	http://dbpedia.org/ontology/birthPlace	popowice, lower silesian voivodeship	1	popowice, lower <adj> voivodeship	NNP , JJR JJ NN	0.16998912649510692	5.678591709256105E-4	0.004761904761904762	ian	0.2222222222222222	false	false	3
0	grand	http://dbpedia.org/ontology/birthPlace	grand duchy of saxe-weimar-eisenach	3	<adj> duchy of saxe-weimar-eisenach	NNP NNP IN NNP	0.16998912649510692	5.678591709256105E-4	0.004761904761904762	and	0.1428571428571429	true	false	1
0	netherlands	http://dbpedia.org/ontology/birthPlace	southern netherlands	1	southern <adj>	NNP NNP	0.16998912649510692	5.678591709256105E-4	0.004761904761904762	nds	0.55	false	true	2
0	state	http://dbpedia.org/ontology/birthPlace	ogun state	3	ogun <adj>	NNP NNP	0.16998912649510692	5.678591709256105E-4	0.004761904761904762	ate	0.5	false	true	2
0	first	http://dbpedia.org/ontology/birthPlace	french first republic	7	french <adj> republic	NNP NNP NNP	0.16998912649510692	5.678591709256105E-4	0.004761904761904762	rst	0.23809523809523814	false	false	2
1	roman	http://dbpedia.org/ontology/birthPlace	roman empire	10	<adj> empire	NNP NNP	0.16998912649510692	5.678591709256105E-4	0.004761904761904762	man	0.41666666666666663	true	false	1
0	hackney	http://dbpedia.org/ontology/birthPlace	south hackney	1	south <adj>	NNP NNP	0.16998912649510692	5.678591709256105E-4	0.004761904761904762	ney	0.5384615384615384	false	true	2
0	lower	http://dbpedia.org/ontology/birthPlace	lower saxony	4	<adj> saxony	JJR NNP	0.16998912649510692	5.678591709256105E-4	0.004761904761904762	wer	0.41666666666666663	true	false	1
0	pangasinan	http://dbpedia.org/ontology/birthPlace	lingayen, pangasinan	1	lingayen, <adj>	NNP , NNP	0.16998912649510692	5.678591709256105E-4	0.004761904761904762	nan	0.5	false	true	2
0	central	http://dbpedia.org/ontology/birthPlace	central city, colorado	1	<adj> city, colorado	NNP NNP , NNP	0.16998912649510692	5.678591709256105E-4	0.004761904761904762	ral	0.31818181818181823	true	false	1
0	grand	http://dbpedia.org/ontology/birthPlace	grand duchy of hesse	7	<adj> duchy of hesse	NNP NNP IN NNP	0.16998912649510692	5.678591709256105E-4	0.004761904761904762	and	0.25	true	false	1
0	portuguese	http://dbpedia.org/ontology/birthPlace	portuguese angola	2	<adj> angola	JJ NNP	0.16998912649510692	5.678591709256105E-4	0.004761904761904762	ese	0.5882352941176471	true	false	1
0	illinois	http://dbpedia.org/ontology/birthPlace	watseka, illinois	2	watseka, <adj>	NNP , NNP	0.16998912649510692	5.678591709256105E-4	0.004761904761904762	ois	0.47058823529411764	false	true	2
0	south	http://dbpedia.org/ontology/birthPlace	south shields	5	<adj> shields	NNP NNP	0.16998912649510692	5.678591709256105E-4	0.004761904761904762	uth	0.3846153846153846	true	false	1
0	new	http://dbpedia.org/ontology/birthPlace	viceroyalty of new granada	2	viceroyalty of <adj> granada	NN IN JJ NNP	0.16998912649510692	5.678591709256105E-4	0.004761904761904762	new	0.11538461538461542	false	false	3
0	new	http://dbpedia.org/ontology/birthPlace	niagara falls, new york	3	niagara falls, <adj> york	NNP NNP , NNP NNP	0.16998912649510692	5.678591709256105E-4	0.004761904761904762	new	0.13043478260869568	false	false	3
0	new	http://dbpedia.org/ontology/birthPlace	republic of new granada	1	republic of <adj> granada	NNP IN NNP NNP	0.16998912649510692	5.678591709256105E-4	0.004761904761904762	new	0.13043478260869568	false	false	3
0	west	http://dbpedia.org/ontology/birthPlace	west philadelphia	1	<adj> philadelphia	NNP NNP	0.16998912649510692	5.678591709256105E-4	0.004761904761904762	est	0.23529411764705888	true	false	1
0	piedmont	http://dbpedia.org/ontology/birthPlace	piedmont	10	<adj>	NNP	0.16998912649510692	5.678591709256105E-4	0.004761904761904762	ont	1.0	true	true	1
0	illinois	http://dbpedia.org/ontology/birthPlace	barry, illinois	1	barry, <adj>	NNP , NNP	0.16998912649510692	5.678591709256105E-4	0.004761904761904762	ois	0.5333333333333333	false	true	2
0	british	http://dbpedia.org/ontology/birthPlace	british cape colony	1	<adj> cape colony	JJ NNP NN	0.16998912649510692	5.678591709256105E-4	0.004761904761904762	ish	0.368421052631579	true	false	1
0	im	http://dbpedia.org/ontology/birthPlace	wangen im allgäu	1	wangen <adj> allgäu	NNP NNP NNP	0.16998912649510692	5.678591709256105E-4	0.004761904761904762	im	125	false	false	2
0	new	http://dbpedia.org/ontology/birthPlace	wood-ridge, new jersey	1	wood-ridge, <adj> jersey	NNP , NNP NNP	0.16998912649510692	5.678591709256105E-4	0.004761904761904762	new	0.13636363636363635	false	false	2
0	west	http://dbpedia.org/ontology/birthPlace	near west side, chicago	1	near <adj> side, chicago	IN NNP NNP , NNP	0.16998912649510692	5.678591709256105E-4	0.004761904761904762	est	0.17391304347826086	false	false	2
0	north	http://dbpedia.org/ontology/birthPlace	gastonia, north carolina	4	gastonia, <adj> carolina	NNP , NNP NNP	0.16998912649510692	5.678591709256105E-4	0.004761904761904762	rth	0.20833333333333337	false	false	2
0	red	http://dbpedia.org/ontology/birthPlace	red oak, iowa	1	<adj> oak, iowa	JJ NN , NNP	0.16998912649510692	5.678591709256105E-4	0.004761904761904762	red	0.23076923076923073	true	false	1
0	west	http://dbpedia.org/ontology/birthPlace	crumpler, west virginia	1	crumpler, <adj> virginia	NNP , NNP NNP	0.16998912649510692	5.678591709256105E-4	0.004761904761904762	est	0.17391304347826086	false	false	2
0	new	http://dbpedia.org/ontology/birthPlace	bronxville, new york	5	bronxville, <adj> york	NNP , NNP NNP	0.16998912649510692	5.678591709256105E-4	0.004761904761904762	new	0.15000000000000002	false	false	2
0	new	http://dbpedia.org/ontology/birthPlace	apohaqui, new brunswick	1	apohaqui, <adj> brunswick	NNP , NNP NNP	0.16998912649510692	5.678591709256105E-4	0.004761904761904762	new	0.13043478260869568	false	false	2
0	east	http://dbpedia.org/ontology/birthPlace	heathfield, east sussex	1	heathfield, <adj> sussex	NNP , NNP NNP	0.16998912649510692	5.678591709256105E-4	0.004761904761904762	ast	0.17391304347826086	false	false	2
1	german	http://dbpedia.org/ontology/birthPlace	german reich	2	<adj> reich	NNP NNP	0.16998912649510692	5.678591709256105E-4	0.004761904761904762	man	0.5	true	false	1
0	new	http://dbpedia.org/ontology/birthPlace	chappaqua, new york	1	chappaqua, <adj> york	NNP , NNP NNP	0.16998912649510692	5.678591709256105E-4	0.004761904761904762	new	0.1578947368421053	false	false	2
0	bad	http://dbpedia.org/ontology/birthPlace	bad fallingbostel	1	<adj> fallingbostel	JJ NN	0.16998912649510692	5.678591709256105E-4	0.004761904761904762	bad	0.17647058823529416	true	false	1
