1	anglican	http://dbpedia.org/ontology/religion	anglican church of canada	26	<adj> church of canada	JJ NN IN NNP	0.5328376703841388	0.002967359050445104	0.006578947368421052	can	0.31999999999999995	true	false	1
0	united	http://dbpedia.org/ontology/religion	united church of christ	38	<adj> church of christ	NNP NNP IN NNP	0.5328376703841388	0.002967359050445104	0.006578947368421052	ted	0.26086956521739135	true	false	1
1	catholic	http://dbpedia.org/ontology/religion	catholic church	5508	<adj> church	NNP NNP	0.5328376703841388	0.002967359050445104	0.006578947368421052	lic	0.5333333333333333	true	false	1
1	apostolic	http://dbpedia.org/ontology/religion	armenian apostolic church	55	armenian <adj> church	JJ JJ NN	0.5328376703841388	0.002967359050445104	0.006578947368421052	lic	0.36	false	false	2
1	christian	http://dbpedia.org/ontology/religion	christian	954	<adj>	NNP	0.5328376703841388	0.002967359050445104	0.006578947368421052	ian	1.0	true	true	1
1	orthodox	http://dbpedia.org/ontology/religion	romanian orthodox church	38	romanian <adj> church	JJ NN NN	0.5328376703841388	0.002967359050445104	0.006578947368421052	dox	0.33333333333333337	false	false	2
1	sunni	http://dbpedia.org/ontology/religion	sunni islam	772	<adj> islam	NNP NNP	0.5328376703841388	0.002967359050445104	0.006578947368421052	nni	0.4545454545454546	true	false	1
0	latter-day	http://dbpedia.org/ontology/religion	the church of jesus christ of latter-day saints	300	the church of jesus christ of <adj> saints	DT NN IN NNP NNP IN JJ NNS	0.5328376703841388	0.002967359050445104	0.006578947368421052	day	0.21276595744680848	false	false	7
0	afrikaner	http://dbpedia.org/ontology/religion	afrikaner calvinism	1	<adj> calvinism	JJ NN	0.5328376703841388	0.002967359050445104	0.006578947368421052	ner	0.4736842105263158	true	false	1
1	hindu	http://dbpedia.org/ontology/religion	hindu	759	<adj>	NNP	0.5328376703841388	0.002967359050445104	0.006578947368421052	ndu	1.0	true	true	1
1	methodist	http://dbpedia.org/ontology/religion	united methodist church	229	united <adj> church	NNP NNP NNP	0.5328376703841388	0.002967359050445104	0.006578947368421052	ist	0.3913043478260869	false	false	2
1	lutheran	http://dbpedia.org/ontology/religion	estonian evangelical lutheran church	2	estonian evangelical <adj> church	JJ JJ NNP NNP	0.5328376703841388	0.002967359050445104	0.006578947368421052	ran	0.2222222222222222	false	false	3
1	muslim	http://dbpedia.org/ontology/religion	muslim	558	<adj>	JJ	0.5328376703841388	0.002967359050445104	0.006578947368421052	lim	1.0	true	true	1
1	catholic	http://dbpedia.org/ontology/religion	old catholic church	6	old <adj> church	JJ NNP NNP	0.5328376703841388	0.002967359050445104	0.006578947368421052	lic	0.42105263157894735	false	false	2
1	christian	http://dbpedia.org/ontology/religion	christian fundamentalism	4	<adj> fundamentalism	NNP NNP	0.5328376703841388	0.002967359050445104	0.006578947368421052	ian	0.375	true	false	1
1	orthodox	http://dbpedia.org/ontology/religion	greek orthodox church	132	greek <adj> church	JJ NN NN	0.5328376703841388	0.002967359050445104	0.006578947368421052	dox	0.38095238095238093	false	false	2
0	united	http://dbpedia.org/ontology/religion	romanian church united with rome, greek-catholic	8	romanian church <adj> with rome, greek-catholic	NNP NNP NNP IN NNP , JJ	0.5328376703841388	0.002967359050445104	0.006578947368421052	ted	0.125	false	false	3
0	united	http://dbpedia.org/ontology/religion	united church of canada	88	<adj> church of canada	NNP NNP IN NNP	0.5328376703841388	0.002967359050445104	0.006578947368421052	ted	0.26086956521739135	true	false	1
1	congregational	http://dbpedia.org/ontology/religion	congregational church	179	<adj> church	JJ NN	0.5328376703841388	0.002967359050445104	0.006578947368421052	nal	0.6666666666666667	true	false	1
1	episcopal	http://dbpedia.org/ontology/religion	scottish episcopal church	6	scottish <adj> church	JJ JJ NN	0.5328376703841388	0.002967359050445104	0.006578947368421052	pal	0.36	false	false	2
1	orthodox	http://dbpedia.org/ontology/religion	orthodox judaism	45	<adj> judaism	JJ NNP	0.5328376703841388	0.002967359050445104	0.006578947368421052	dox	0.5	true	false	1
0	united	http://dbpedia.org/ontology/religion	united church of christ in the philippines	4	<adj> church of christ in the philippines	NNP NNP IN NNP IN DT NNPS	0.5328376703841388	0.002967359050445104	0.006578947368421052	ted	0.1428571428571429	true	false	1
1	evangelical	http://dbpedia.org/ontology/religion	evangelical church in germany	12	<adj> church in germany	JJ NN IN NNP	0.5328376703841388	0.002967359050445104	0.006578947368421052	cal	0.3793103448275862	true	false	1
0	christian	http://dbpedia.org/ontology/religion	christian science	21	<adj> science	NNP NNP	0.5328376703841388	0.002967359050445104	0.006578947368421052	ian	0.5294117647058824	true	false	1
1	reformed	http://dbpedia.org/ontology/religion	dutch reformed church	72	dutch <adj> church	JJ VBN NN	0.5328376703841388	0.002967359050445104	0.006578947368421052	med	0.38095238095238093	false	false	2
0	syrian	http://dbpedia.org/ontology/religion	malankara orthodox syrian church	9	malankara orthodox <adj> church	NNP NN JJ NN	0.5328376703841388	0.002967359050445104	0.006578947368421052	ian	0.1875	false	false	3
1	celtic	http://dbpedia.org/ontology/religion	celtic christianity	2	<adj> christianity	JJ NNP	0.5328376703841388	0.002967359050445104	0.006578947368421052	tic	0.3157894736842105	true	false	1
0	netherlands	http://dbpedia.org/ontology/religion	reformed churches in the netherlands	11	reformed churches in the <adj>	VBN NNS IN DT NNP	0.5328376703841388	0.002967359050445104	0.006578947368421052	nds	0.3055555555555556	false	true	5
0	interfaith	http://dbpedia.org/ontology/religion	interfaith dialog	4	<adj> dialog	NN NN	0.5328376703841388	0.002967359050445104	0.006578947368421052	ith	0.5882352941176471	true	false	1
0	egyptian	http://dbpedia.org/ontology/religion	ancient egyptian religion	36	ancient <adj> religion	JJ JJ NN	0.5328376703841388	0.002967359050445104	0.006578947368421052	ian	0.31999999999999995	false	false	2
1	methodist	http://dbpedia.org/ontology/religion	methodist church of australasia	2	<adj> church of australasia	NNP NNP IN NNP	0.5328376703841388	0.002967359050445104	0.006578947368421052	ist	0.29032258064516125	true	false	1
1	universalist	http://dbpedia.org/ontology/religion	universalist church of america	16	<adj> church of america	NNP NNP IN NNP	0.5328376703841388	0.002967359050445104	0.006578947368421052	ist	0.4	true	false	1
1	presbyterian	http://dbpedia.org/ontology/religion	orthodox presbyterian church	1	orthodox <adj> church	JJ JJ NN	0.5328376703841388	0.002967359050445104	0.006578947368421052	ian	0.4285714285714286	false	false	2
0	charismatic	http://dbpedia.org/ontology/religion	charismatic movement	8	<adj> movement	JJ NN	0.5328376703841388	0.002967359050445104	0.006578947368421052	tic	0.55	true	false	1
1	orthodox	http://dbpedia.org/ontology/religion	eastern orthodox church	619	eastern <adj> church	NNP JJ NN	0.5328376703841388	0.002967359050445104	0.006578947368421052	dox	0.34782608695652173	false	false	2
1	puritan	http://dbpedia.org/ontology/religion	puritan	33	<adj>	NNP	0.5328376703841388	0.002967359050445104	0.006578947368421052	tan	1.0	true	true	1
1	baptist	http://dbpedia.org/ontology/religion	southern baptist convention	106	southern <adj> convention	NNP NNP NNP	0.5328376703841388	0.002967359050445104	0.006578947368421052	ist	0.2592592592592593	false	false	2
1	christian	http://dbpedia.org/ontology/religion	christian denomination	37	<adj> denomination	NNP NN	0.5328376703841388	0.002967359050445104	0.006578947368421052	ian	0.40909090909090906	true	false	1
0	united	http://dbpedia.org/ontology/religion	general council of the assemblies of god in the united states of america	1	general council of the assemblies of god in the <adj> states of america	NNP NNP IN DT NNS IN NNP IN DT NNP NNPS IN NNP	0.5328376703841388	0.002967359050445104	0.006578947368421052	ted	0.08333333333333337	false	false	10
0	roman	http://dbpedia.org/ontology/religion	roman catholicism in iceland	1	<adj> catholicism in iceland	NNP NNP IN NNP	0.5328376703841388	0.002967359050445104	0.006578947368421052	man	0.1785714285714286	true	false	1
1	orthodox	http://dbpedia.org/ontology/religion	eritrean orthodox tewahedo church	1	eritrean <adj> tewahedo church	JJ NN NNP NNP	0.5328376703841388	0.002967359050445104	0.006578947368421052	dox	0.24242424242424243	false	false	2
1	baptist	http://dbpedia.org/ontology/religion	canadian baptist ministries	1	canadian <adj> ministries	JJ NN NNS	0.5328376703841388	0.002967359050445104	0.006578947368421052	ist	0.2592592592592593	false	false	2
1	adventist	http://dbpedia.org/ontology/religion	seventh-day adventist church	51	seventh-day <adj> church	JJ JJ NN	0.5328376703841388	0.002967359050445104	0.006578947368421052	ist	0.3214285714285714	false	false	2
1	baptist	http://dbpedia.org/ontology/religion	independent baptist	8	independent <adj>	JJ NN	0.5328376703841388	0.002967359050445104	0.006578947368421052	ist	0.368421052631579	false	true	2
0	norse	http://dbpedia.org/ontology/religion	norse religion	3	<adj> religion	JJ NN	0.5328376703841388	0.002967359050445104	0.006578947368421052	rse	0.3571428571428571	true	false	1
0	netherlands	http://dbpedia.org/ontology/religion	protestant church in the netherlands	33	protestant church in the <adj>	NNP NNP IN DT NNP	0.5328376703841388	0.002967359050445104	0.006578947368421052	nds	0.3055555555555556	false	true	5
0	new	http://dbpedia.org/ontology/religion	new creation church	1	<adj> creation church	JJ NN NN	0.5328376703841388	0.002967359050445104	0.006578947368421052	new	0.1578947368421053	true	false	1
1	orthodox	http://dbpedia.org/ontology/religion	russian orthodox church	42	russian <adj> church	JJ NN NN	0.5328376703841388	0.002967359050445104	0.006578947368421052	dox	0.34782608695652173	false	false	2
1	shinto	http://dbpedia.org/ontology/religion	shinto	15	<adj>	NNP	0.5328376703841388	0.002967359050445104	0.006578947368421052	nto	1.0	true	true	1
1	tibetan	http://dbpedia.org/ontology/religion	tibetan buddhism	60	<adj> buddhism	NNP NNP	0.5328376703841388	0.002967359050445104	0.006578947368421052	tan	0.4375	true	false	1
1	catholic	http://dbpedia.org/ontology/religion	ukrainian greek catholic church	11	ukrainian greek <adj> church	JJ JJ JJ NN	0.5328376703841388	0.002967359050445104	0.006578947368421052	lic	0.25806451612903225	false	false	3
1	orthodox	http://dbpedia.org/ontology/religion	ethiopian orthodox tewahedo church	10	ethiopian <adj> tewahedo church	JJ NN NNP NNP	0.5328376703841388	0.002967359050445104	0.006578947368421052	dox	0.23529411764705888	false	false	2
0	prussian	http://dbpedia.org/ontology/religion	prussian mythology	7	<adj> mythology	JJ NN	0.5328376703841388	0.002967359050445104	0.006578947368421052	ian	0.4444444444444444	true	false	1
1	orthodox	http://dbpedia.org/ontology/religion	greek orthodox church of antioch	5	greek <adj> church of antioch	JJ NN NN IN NNP	0.5328376703841388	0.002967359050445104	0.006578947368421052	dox	0.25	false	false	2
1	orthodox	http://dbpedia.org/ontology/religion	orthodox christianity in lebanon	6	<adj> christianity in lebanon	JJ NNP IN NNP	0.5328376703841388	0.002967359050445104	0.006578947368421052	dox	0.25	true	false	1
0	fifth	http://dbpedia.org/ontology/religion	fifth monarchists	1	<adj> monarchists	JJ NNS	0.5328376703841388	0.002967359050445104	0.006578947368421052	fth	0.2941176470588235	true	false	1
1	druze	http://dbpedia.org/ontology/religion	druze	20	<adj>	NNP	0.5328376703841388	0.002967359050445104	0.006578947368421052	uze	1.0	true	true	1
1	orthodox	http://dbpedia.org/ontology/religion	montenegrin orthodox church	2	montenegrin <adj> church	JJ NN NN	0.5328376703841388	0.002967359050445104	0.006578947368421052	dox	0.2962962962962963	false	false	2
1	orthodox	http://dbpedia.org/ontology/religion	serbian orthodox church	129	serbian <adj> church	JJ NN NN	0.5328376703841388	0.002967359050445104	0.006578947368421052	dox	0.34782608695652173	false	false	2
1	catholic	http://dbpedia.org/ontology/religion	traditionalist catholic	4	traditionalist <adj>	NN NNP	0.5328376703841388	0.002967359050445104	0.006578947368421052	lic	0.34782608695652173	false	true	2
1	orthodox	http://dbpedia.org/ontology/religion	coptic orthodox church of alexandria	14	coptic <adj> church of alexandria	JJ NN NN IN NNP	0.5328376703841388	0.002967359050445104	0.006578947368421052	dox	0.2222222222222222	false	false	2
0	united	http://dbpedia.org/ontology/religion	presbyterian church in the united states	6	presbyterian church in the <adj> states	JJ NN IN DT NNP NNPS	0.5328376703841388	0.002967359050445104	0.006578947368421052	ted	0.15000000000000002	false	false	5
0	primitive	http://dbpedia.org/ontology/religion	primitive baptists	3	<adj> baptists	JJ NNS	0.5328376703841388	0.002967359050445104	0.006578947368421052	ive	0.5	true	false	1
1	reformed	http://dbpedia.org/ontology/religion	reformed church in america	9	<adj> church in america	VBN NN IN NNP	0.5328376703841388	0.002967359050445104	0.006578947368421052	med	0.3076923076923077	true	false	1
0	russian	http://dbpedia.org/ontology/religion	russian orthodoxy	6	<adj> orthodoxy	NNP NN	0.5328376703841388	0.002967359050445104	0.006578947368421052	ian	0.4117647058823529	true	false	1
1	hittite	http://dbpedia.org/ontology/religion	hittite mythology	23	<adj> mythology	NNP NN	0.5328376703841388	0.002967359050445104	0.006578947368421052	ite	0.4117647058823529	true	false	1
1	presbyterian	http://dbpedia.org/ontology/religion	presbyterian church in canada	12	<adj> church in canada	JJ NN IN NNP	0.5328376703841388	0.002967359050445104	0.006578947368421052	ian	0.4137931034482759	true	false	1
1	oriental	http://dbpedia.org/ontology/religion	oriental orthodoxy	7	<adj> orthodoxy	JJ NN	0.5328376703841388	0.002967359050445104	0.006578947368421052	tal	0.4444444444444444	true	false	1
0	ancient	http://dbpedia.org/ontology/religion	religion in ancient greece	15	religion in <adj> greece	NN IN JJ NNP	0.5328376703841388	0.002967359050445104	0.006578947368421052	ent	0.2692307692307693	false	false	3
1	catholic	http://dbpedia.org/ontology/religion	chaldean catholic church	17	chaldean <adj> church	NNP NNP NNP	0.5328376703841388	0.002967359050445104	0.006578947368421052	lic	0.33333333333333337	false	false	2
0	english	http://dbpedia.org/ontology/religion	english dissenters	1	<adj> dissenters	NNP NNPS	0.5328376703841388	0.002967359050445104	0.006578947368421052	ish	0.38888888888888884	true	false	1
1	orthodox	http://dbpedia.org/ontology/religion	moldovan orthodox church	1	moldovan <adj> church	JJ NN NN	0.5328376703841388	0.002967359050445104	0.006578947368421052	dox	0.33333333333333337	false	false	2
0	cult	http://dbpedia.org/ontology/religion	cult of reason	1	<adj> of reason	NN IN NN	0.5328376703841388	0.002967359050445104	0.006578947368421052	ult	0.2857142857142857	true	false	1
1	babylonian	http://dbpedia.org/ontology/religion	babylonian religion	1	<adj> religion	JJ NN	0.5328376703841388	0.002967359050445104	0.006578947368421052	ian	0.5263157894736843	true	false	1
1	marxist	http://dbpedia.org/ontology/religion	marxist humanism	1	<adj> humanism	JJ NN	0.5328376703841388	0.002967359050445104	0.006578947368421052	ist	0.4375	true	false	1
0	autocephalous	http://dbpedia.org/ontology/religion	orthodox autocephalous church of albania	8	orthodox <adj> church of albania	JJ JJ NN IN NNP	0.5328376703841388	0.002967359050445104	0.006578947368421052	ous	0.32499999999999996	false	false	2
1	orthodox	http://dbpedia.org/ontology/religion	syriac orthodox church	16	syriac <adj> church	NNP JJ NN	0.5328376703841388	0.002967359050445104	0.006578947368421052	dox	0.36363636363636365	false	false	2
0	handsome	http://dbpedia.org/ontology/religion	handsome lake	7	<adj> lake	JJ NN	0.5328376703841388	0.002967359050445104	0.006578947368421052	ome	0.6153846153846154	true	false	1
0	american	http://dbpedia.org/ontology/religion	native american religion	5	native <adj> religion	JJ JJ NN	0.5328376703841388	0.002967359050445104	0.006578947368421052	can	0.33333333333333337	false	false	2
1	orthodox	http://dbpedia.org/ontology/religion	georgian orthodox church	30	georgian <adj> church	JJ NN NN	0.5328376703841388	0.002967359050445104	0.006578947368421052	dox	0.33333333333333337	false	false	2
0	kyivan	http://dbpedia.org/ontology/religion	ukrainian orthodox church of the kyivan patriarchate	2	ukrainian orthodox church of the <adj> patriarchate	JJ NN NN IN DT NNP NN	0.5328376703841388	0.002967359050445104	0.006578947368421052	van	0.11538461538461542	false	false	6
1	nazarene	http://dbpedia.org/ontology/religion	church of the nazarene	8	church of the <adj>	NN IN DT NN	0.5328376703841388	0.002967359050445104	0.006578947368421052	ene	0.36363636363636365	false	true	4
1	agnostic	http://dbpedia.org/ontology/religion	agnostic atheism	5	<adj> atheism	JJ NN	0.5328376703841388	0.002967359050445104	0.006578947368421052	tic	0.5	true	false	1
0	american	http://dbpedia.org/ontology/religion	native american church	15	native <adj> church	JJ JJ NN	0.5328376703841388	0.002967359050445104	0.006578947368421052	can	0.36363636363636365	false	false	2
1	christian	http://dbpedia.org/ontology/religion	christian values	1	<adj> values	NNP NNS	0.5328376703841388	0.002967359050445104	0.006578947368421052	ian	0.5625	true	false	1
1	unitarian	http://dbpedia.org/ontology/religion	unitarian universalism	53	<adj> universalism	NNP NNP	0.5328376703841388	0.002967359050445104	0.006578947368421052	ian	0.40909090909090906	true	false	1
1	presbyterian	http://dbpedia.org/ontology/religion	presbyterian church in america	7	<adj> church in america	JJ NN IN NNP	0.5328376703841388	0.002967359050445104	0.006578947368421052	ian	0.4	true	false	1
0	ancient	http://dbpedia.org/ontology/religion	religion in ancient rome	6	religion in <adj> rome	NN IN JJ NNP	0.5328376703841388	0.002967359050445104	0.006578947368421052	ent	0.29166666666666663	false	false	3
1	episcopal	http://dbpedia.org/ontology/religion	episcopal church	11	<adj> church	NNP NNP	0.5328376703841388	0.002967359050445104	0.006578947368421052	pal	0.5625	true	false	1
1	orthodox	http://dbpedia.org/ontology/religion	bulgarian orthodox church	10	bulgarian <adj> church	JJ NN NN	0.5328376703841388	0.002967359050445104	0.006578947368421052	dox	0.31999999999999995	false	false	2
0	roman	http://dbpedia.org/ontology/religion	roman catholicism in australia	3	<adj> catholicism in australia	NNP NNP IN NNP	0.5328376703841388	0.002967359050445104	0.006578947368421052	man	0.16666666666666663	true	false	1
1	presbyterian	http://dbpedia.org/ontology/religion	presbyterian church of australia	4	<adj> church of australia	JJ NN IN NNP	0.5328376703841388	0.002967359050445104	0.006578947368421052	ian	0.375	true	false	1
1	anglican	http://dbpedia.org/ontology/religion	anglican church of australia	11	<adj> church of australia	JJ NN IN NNP	0.5328376703841388	0.002967359050445104	0.006578947368421052	can	0.2857142857142857	true	false	1
0	missionary	http://dbpedia.org/ontology/religion	christian and missionary alliance	8	christian and <adj> alliance	NNP CC JJ NN	0.5328376703841388	0.002967359050445104	0.006578947368421052	ary	0.303030303030303	false	false	3
1	nondenominational	http://dbpedia.org/ontology/religion	nondenominational christianity	37	<adj> christianity	JJ NNP	0.5328376703841388	0.002967359050445104	0.006578947368421052	nal	0.5666666666666667	true	false	1
1	baptist	http://dbpedia.org/ontology/religion	australian baptist ministries	1	australian <adj> ministries	JJ NN NNS	0.5328376703841388	0.002967359050445104	0.006578947368421052	ist	0.24137931034482762	false	false	2
0	new	http://dbpedia.org/ontology/religion	the new church	8	the <adj> church	DT JJ NN	0.5328376703841388	0.002967359050445104	0.006578947368421052	new	0.2142857142857143	false	false	2
1	brethren	http://dbpedia.org/ontology/religion	church of the brethren	6	church of the <adj>	NN IN DT NNS	0.5328376703841388	0.002967359050445104	0.006578947368421052	ren	0.36363636363636365	false	true	4
1	episcopal	http://dbpedia.org/ontology/religion	african methodist episcopal church	27	african methodist <adj> church	NNP NNP NNP NNP	0.5328376703841388	0.002967359050445104	0.006578947368421052	pal	0.2647058823529411	false	false	3
1	zen	http://dbpedia.org/ontology/religion	zen	97	<adj>	NN	0.5328376703841388	0.002967359050445104	0.006578947368421052	zen	1.0	true	true	1
1	catholic	http://dbpedia.org/ontology/religion	ukrainian catholic eparchy of saskatoon	1	ukrainian <adj> eparchy of saskatoon	JJ JJ NN IN NNP	0.5328376703841388	0.002967359050445104	0.006578947368421052	lic	0.20512820512820518	false	false	2
1	secular	http://dbpedia.org/ontology/religion	secular humanism	2	<adj> humanism	JJ NN	0.5328376703841388	0.002967359050445104	0.006578947368421052	lar	0.4375	true	false	1
0	roman	http://dbpedia.org/ontology/religion	roman catholicism in scotland	1	<adj> catholicism in scotland	NNP NNP IN NNP	0.5328376703841388	0.002967359050445104	0.006578947368421052	man	0.1724137931034483	true	false	1
0	union	http://dbpedia.org/ontology/religion	congregational union of australia	1	congregational <adj> of australia	NNP NNP IN NNP	0.5328376703841388	0.002967359050445104	0.006578947368421052	ion	0.1515151515151515	false	false	2
0	international	http://dbpedia.org/ontology/religion	gideons international	1	gideons <adj>	NNPS NNP	0.5328376703841388	0.002967359050445104	0.006578947368421052	nal	0.6190476190476191	false	true	2
0	latter	http://dbpedia.org/ontology/religion	latter day saint movement	4	<adj> day saint movement	JJ NN NN NN	0.5328376703841388	0.002967359050445104	0.006578947368421052	ter	0.24	true	false	1
1	bahá'í	http://dbpedia.org/ontology/religion	bahá'í faith	7	<adj> faith	NN '' NNP NN	0.5328376703841388	0.002967359050445104	0.006578947368421052	á'í	0.5	true	false	1
1	sephardic	http://dbpedia.org/ontology/religion	sephardic law and customs	2	<adj> law and customs	JJ NN CC NNS	0.5328376703841388	0.002967359050445104	0.006578947368421052	dic	0.36	true	false	1
1	baptist	http://dbpedia.org/ontology/religion	westboro baptist church	1	westboro <adj> church	NNP NNP NNP	0.5328376703841388	0.002967359050445104	0.006578947368421052	ist	0.30434782608695654	false	false	2
1	anglican	http://dbpedia.org/ontology/religion	traditional anglican communion	1	traditional <adj> communion	JJ JJ NNP	0.5328376703841388	0.002967359050445104	0.006578947368421052	can	0.2666666666666667	false	false	2
1	catholic	http://dbpedia.org/ontology/religion	lapsed catholic	6	lapsed <adj>	VBN NNP	0.5328376703841388	0.002967359050445104	0.006578947368421052	lic	0.5333333333333333	false	true	2
1	catholic	http://dbpedia.org/ontology/religion	eastern catholic churches	2	eastern <adj> churches	NNP NNP NNS	0.5328376703841388	0.002967359050445104	0.006578947368421052	lic	0.31999999999999995	false	false	2
1	orthodox	http://dbpedia.org/ontology/religion	macedonian orthodox church – ohrid archbishopric	10	macedonian <adj> church – ohrid archbishopric	JJ NN NN : NNP NNP	0.5328376703841388	0.002967359050445104	0.006578947368421052	dox	0.16666666666666663	false	false	2
1	hawaiian	http://dbpedia.org/ontology/religion	hawaiian religion	2	<adj> religion	JJ NN	0.5328376703841388	0.002967359050445104	0.006578947368421052	ian	0.47058823529411764	true	false	1
1	baptist	http://dbpedia.org/ontology/religion	baptist beliefs	1	<adj> beliefs	NNP NNS	0.5328376703841388	0.002967359050445104	0.006578947368421052	ist	0.4666666666666667	true	false	1
0	german	http://dbpedia.org/ontology/religion	german catholics	1	<adj> catholics	JJ NNPS	0.5328376703841388	0.002967359050445104	0.006578947368421052	man	0.375	true	false	1
1	episcopal	http://dbpedia.org/ontology/religion	methodist episcopal church	31	methodist <adj> church	NNP NNP NNP	0.5328376703841388	0.002967359050445104	0.006578947368421052	pal	0.34615384615384615	false	false	2
0	eastern	http://dbpedia.org/ontology/religion	eastern christianity	5	<adj> christianity	NNP NNP	0.5328376703841388	0.002967359050445104	0.006578947368421052	ern	0.35	true	false	1
1	universalist	http://dbpedia.org/ontology/religion	unitarian universalist association	1	unitarian <adj> association	NNP NNP NNP	0.5328376703841388	0.002967359050445104	0.006578947368421052	ist	0.3529411764705882	false	false	2
1	non-denominational	http://dbpedia.org/ontology/religion	non-denominational	56	<adj>	JJ	0.5328376703841388	0.002967359050445104	0.006578947368421052	nal	1.0	true	true	1
1	nonsectarian	http://dbpedia.org/ontology/religion	nonsectarian	25	<adj>	JJ	0.5328376703841388	0.002967359050445104	0.006578947368421052	ian	1.0	true	true	1
1	independent	http://dbpedia.org/ontology/religion	philippine independent church	12	philippine <adj> church	NNP NNP NNP	0.5328376703841388	0.002967359050445104	0.006578947368421052	ent	0.3793103448275862	false	false	2
1	lutheran	http://dbpedia.org/ontology/religion	evangelical lutheran church in america	22	evangelical <adj> church in america	JJ NNP NNP IN NNP	0.5328376703841388	0.002967359050445104	0.006578947368421052	ran	0.21052631578947367	false	false	2
1	episcopal	http://dbpedia.org/ontology/religion	anglican episcopal church	1	anglican <adj> church	JJ JJ NN	0.5328376703841388	0.002967359050445104	0.006578947368421052	pal	0.36	false	false	2
1	esoteric	http://dbpedia.org/ontology/religion	esoteric nazism	2	<adj> nazism	JJ NN	0.5328376703841388	0.002967359050445104	0.006578947368421052	ric	0.5333333333333333	true	false	1
1	baptist	http://dbpedia.org/ontology/religion	conservative baptist association of america	1	conservative <adj> association of america	JJ NNP NNP IN NNP	0.5328376703841388	0.002967359050445104	0.006578947368421052	ist	0.16279069767441856	false	false	2
1	marist	http://dbpedia.org/ontology/religion	marist brothers	9	<adj> brothers	NNP NNPS	0.5328376703841388	0.002967359050445104	0.006578947368421052	ist	0.4	true	false	1
0	united	http://dbpedia.org/ontology/religion	presbyterian church in the united states of america	10	presbyterian church in the <adj> states of america	JJ NN IN DT NNP NNPS IN NNP	0.5328376703841388	0.002967359050445104	0.006578947368421052	ted	0.11764705882352944	false	false	5
1	moravian	http://dbpedia.org/ontology/religion	moravian church	6	<adj> church	NNP NNP	0.5328376703841388	0.002967359050445104	0.006578947368421052	ian	0.5333333333333333	true	false	1
0	ethnic	http://dbpedia.org/ontology/religion	ethnic religion	8	<adj> religion	JJ NN	0.5328376703841388	0.002967359050445104	0.006578947368421052	nic	0.4	true	false	1
1	reformed	http://dbpedia.org/ontology/religion	christian reformed churches of australia	2	christian <adj> churches of australia	NNP VBD NNS IN NNP	0.5328376703841388	0.002967359050445104	0.006578947368421052	med	0.19999999999999996	false	false	2
1	presbyterian	http://dbpedia.org/ontology/religion	presbyterian church in ireland	18	<adj> church in ireland	JJ NN IN NNP	0.5328376703841388	0.002967359050445104	0.006578947368421052	ian	0.4	true	false	1
0	conservative	http://dbpedia.org/ontology/religion	conservative judaism	7	<adj> judaism	JJ NNP	0.5328376703841388	0.002967359050445104	0.006578947368421052	ive	0.6	true	false	1
1	christian	http://dbpedia.org/ontology/religion	institute of the brothers of the christian schools	6	institute of the brothers of the <adj> schools	NNP IN DT NNS IN DT JJ NNS	0.5328376703841388	0.002967359050445104	0.006578947368421052	ian	0.18000000000000005	false	false	7
1	catholic	http://dbpedia.org/ontology/religion	italo-albanian catholic church	2	italo-albanian <adj> church	JJ JJ NN	0.5328376703841388	0.002967359050445104	0.006578947368421052	lic	0.2666666666666667	false	false	2
1	christian	http://dbpedia.org/ontology/religion	christian churches and churches of christ	5	<adj> churches and churches of christ	NNP NNS CC NNS IN NNP	0.5328376703841388	0.002967359050445104	0.006578947368421052	ian	0.2195121951219512	true	false	1
0	north	http://dbpedia.org/ontology/religion	united episcopal church of north america	1	united episcopal church of <adj> america	NNP NNP NNP IN NNP NNP	0.5328376703841388	0.002967359050445104	0.006578947368421052	rth	0.125	false	false	5
1	presbyterian	http://dbpedia.org/ontology/religion	cumberland presbyterian church	3	cumberland <adj> church	NNP NNP NNP	0.5328376703841388	0.002967359050445104	0.006578947368421052	ian	0.4	false	false	2
1	orthodox	http://dbpedia.org/ontology/religion	belarusian autocephalous orthodox church	1	belarusian autocephalous <adj> church	JJ JJ NN NN	0.5328376703841388	0.002967359050445104	0.006578947368421052	dox	0.19999999999999996	false	false	3
1	methodist	http://dbpedia.org/ontology/religion	methodist church of canada	6	<adj> church of canada	NNP NNP IN NNP	0.5328376703841388	0.002967359050445104	0.006578947368421052	ist	0.34615384615384615	true	false	1
1	lutheran	http://dbpedia.org/ontology/religion	lutheran church–missouri synod	20	<adj> church–missouri synod	NNP NNP : NNP NNP	0.5328376703841388	0.002967359050445104	0.006578947368421052	ran	0.2666666666666667	true	false	1
1	evangelical	http://dbpedia.org/ontology/religion	evangelical covenant church	2	<adj> covenant church	JJ NN NN	0.5328376703841388	0.002967359050445104	0.006578947368421052	cal	0.40740740740740744	true	false	1
1	catholic	http://dbpedia.org/ontology/religion	syro-malabar catholic church	24	syro-malabar <adj> church	JJ JJ NN	0.5328376703841388	0.002967359050445104	0.006578947368421052	lic	0.2857142857142857	false	false	2
0	roman	http://dbpedia.org/ontology/religion	roman catholicism in sri lanka	14	<adj> catholicism in sri lanka	NNP NNP IN NNP NNP	0.5328376703841388	0.002967359050445104	0.006578947368421052	man	0.16666666666666663	true	false	1
0	state	http://dbpedia.org/ontology/religion	state school	1	<adj> school	NNP NNP	0.5328376703841388	0.002967359050445104	0.006578947368421052	ate	0.41666666666666663	true	false	1
1	benedict	http://dbpedia.org/ontology/religion	order of saint benedict	7	order of saint <adj>	NN IN NNP NNP	0.5328376703841388	0.002967359050445104	0.006578947368421052	ict	0.34782608695652173	false	true	4
0	fictional	http://dbpedia.org/ontology/religion	list of fictional religions	1	list of <adj> religions	NN IN JJ NNS	0.5328376703841388	0.002967359050445104	0.006578947368421052	nal	0.33333333333333337	false	false	3
1	folk	http://dbpedia.org/ontology/religion	folk religion	18	<adj> religion	NN NN	0.5328376703841388	0.002967359050445104	0.006578947368421052	olk	0.3076923076923077	true	false	1
1	lutheran	http://dbpedia.org/ontology/religion	wisconsin evangelical lutheran synod	2	wisconsin evangelical <adj> synod	NNP NNP NNP NNP	0.5328376703841388	0.002967359050445104	0.006578947368421052	ran	0.2222222222222222	false	false	3
1	catholic	http://dbpedia.org/ontology/religion	anglican catholic church in australia	1	anglican <adj> church in australia	JJ JJ NN IN NNP	0.5328376703841388	0.002967359050445104	0.006578947368421052	lic	0.21621621621621623	false	false	2
1	orthodox	http://dbpedia.org/ontology/religion	african orthodox church	2	african <adj> church	JJ NN NN	0.5328376703841388	0.002967359050445104	0.006578947368421052	dox	0.34782608695652173	false	false	2
1	sikh	http://dbpedia.org/ontology/religion	sikh	32	<adj>	NNP	0.5328376703841388	0.002967359050445104	0.006578947368421052	ikh	1.0	true	true	1
1	methodist	http://dbpedia.org/ontology/religion	evangelical methodist church	1	evangelical <adj> church	NNP NNP NNP	0.5328376703841388	0.002967359050445104	0.006578947368421052	ist	0.3214285714285714	false	false	2
0	east	http://dbpedia.org/ontology/religion	assyrian church of the east	23	assyrian church of the <adj>	NNP NNP IN DT NNP	0.5328376703841388	0.002967359050445104	0.006578947368421052	ast	0.14814814814814814	false	true	5
0	immaculate	http://dbpedia.org/ontology/religion	sisters, servants of the immaculate heart of mary	1	sisters, servants of the <adj> heart of mary	NNS , NNS IN DT JJ NN IN NNP	0.5328376703841388	0.002967359050445104	0.006578947368421052	ate	0.20408163265306123	false	false	5
0	north	http://dbpedia.org/ontology/religion	christian reformed church in north america	10	christian reformed church in <adj> america	NNP VBD NN IN NNP NNP	0.5328376703841388	0.002967359050445104	0.006578947368421052	rth	0.11904761904761907	false	false	5
1	reformed	http://dbpedia.org/ontology/religion	netherlands reformed churches	3	netherlands <adj> churches	NNP VBD NNS	0.5328376703841388	0.002967359050445104	0.006578947368421052	med	0.27586206896551724	false	false	2
1	baptist	http://dbpedia.org/ontology/religion	fellowship of evangelical baptist churches in canada	1	fellowship of evangelical <adj> churches in canada	NNP IN NNP NNP NNS IN NNP	0.5328376703841388	0.002967359050445104	0.006578947368421052	ist	0.13461538461538458	false	false	4
	aztec	http://dbpedia.org/ontology/religion	aztec religion	19	<adj> religion	JJ NN	0.5328376703841388	0.002967359050445104	0.006578947368421052	tec	0.3571428571428571	true	false	1
1	lutheran	http://dbpedia.org/ontology/religion	evangelical lutheran church of finland	5	evangelical <adj> church of finland	JJ NNP NNP IN NNP	0.5328376703841388	0.002967359050445104	0.006578947368421052	ran	0.21052631578947367	false	false	2
0	roman	http://dbpedia.org/ontology/religion	roman catholicism in the philippines	13	<adj> catholicism in the philippines	NNP NNP IN DT NNPS	0.5328376703841388	0.002967359050445104	0.006578947368421052	man	0.13888888888888884	true	false	1
1	christian	http://dbpedia.org/ontology/religion	new hope christian fellowship	1	new hope <adj> fellowship	JJ NN JJ NNP	0.5328376703841388	0.002967359050445104	0.006578947368421052	ian	0.31034482758620685	false	false	3
0	south	http://dbpedia.org/ontology/religion	church of south india	2	church of <adj> india	NN IN NNP NNP	0.5328376703841388	0.002967359050445104	0.006578947368421052	uth	0.23809523809523814	false	false	3
1	pentecostal	http://dbpedia.org/ontology/religion	elim pentecostal church	1	elim <adj> church	NNP NNP NNP	0.5328376703841388	0.002967359050445104	0.006578947368421052	tal	0.4782608695652174	false	false	2
1	orthodox	http://dbpedia.org/ontology/religion	orthodox christianity	9	<adj> christianity	JJ NNP	0.5328376703841388	0.002967359050445104	0.006578947368421052	dox	0.38095238095238093	true	false	1
1	aboriginal	http://dbpedia.org/ontology/religion	australian aboriginal mythology	11	australian <adj> mythology	JJ JJ NN	0.5328376703841388	0.002967359050445104	0.006578947368421052	nal	0.32258064516129037	false	false	2
0	international	http://dbpedia.org/ontology/religion	members church of god international	3	members church of god <adj>	NNS NN IN NNP NNP	0.5328376703841388	0.002967359050445104	0.006578947368421052	nal	0.37142857142857144	false	true	5
1	baptist	http://dbpedia.org/ontology/religion	association of baptist churches in ireland	2	association of <adj> churches in ireland	NNP IN NNP NNS IN NNP	0.5328376703841388	0.002967359050445104	0.006578947368421052	ist	0.16666666666666663	false	false	3
1	ulster	http://dbpedia.org/ontology/religion	free presbyterian church of ulster	14	free presbyterian church of <adj>	JJ JJ NN IN NNP	0.5328376703841388	0.002967359050445104	0.006578947368421052	ter	0.17647058823529416	false	true	5
1	free	http://dbpedia.org/ontology/religion	united free church of scotland	2	united <adj> church of scotland	NNP NNP NNP IN NNP	0.5328376703841388	0.002967359050445104	0.006578947368421052	ree	0.1333333333333333	false	false	2
0	living	http://dbpedia.org/ontology/religion	centers for spiritual living	2	centers for spiritual <adj>	NNS IN JJ NN	0.5328376703841388	0.002967359050445104	0.006578947368421052	ing	0.2142857142857143	false	true	4
0	roman	http://dbpedia.org/ontology/religion	roman catholicism in singapore	2	<adj> catholicism in singapore	NNP NNP IN NNP	0.5328376703841388	0.002967359050445104	0.006578947368421052	man	0.16666666666666663	true	false	1
1	christian	http://dbpedia.org/ontology/religion	christian socialism	2	<adj> socialism	NNP NN	0.5328376703841388	0.002967359050445104	0.006578947368421052	ian	0.4736842105263158	true	false	1
0	mixed-sex	http://dbpedia.org/ontology/religion	mixed-sex education	7	<adj> education	JJ NN	0.5328376703841388	0.002967359050445104	0.006578947368421052	sex	0.4736842105263158	true	false	1
0	american	http://dbpedia.org/ontology/religion	american jews	2	<adj> jews	NNP NNPS	0.5328376703841388	0.002967359050445104	0.006578947368421052	can	0.6153846153846154	true	false	1
1	christian	http://dbpedia.org/ontology/religion	christian church	4	<adj> church	NNP NNP	0.5328376703841388	0.002967359050445104	0.006578947368421052	ian	0.5625	true	false	1
1	huguenot	http://dbpedia.org/ontology/religion	huguenot	2	<adj>	NNP	0.5328376703841388	0.002967359050445104	0.006578947368421052	not	1.0	true	true	1
1	folk	http://dbpedia.org/ontology/religion	chinese folk religion	11	chinese <adj> religion	JJ NN NN	0.5328376703841388	0.002967359050445104	0.006578947368421052	olk	0.19047619047619047	false	false	2
1	african	http://dbpedia.org/ontology/religion	traditional african religion	13	traditional <adj> religion	JJ JJ NN	0.5328376703841388	0.002967359050445104	0.006578947368421052	can	0.25	false	false	2
1	catholic	http://dbpedia.org/ontology/religion	melkite greek catholic church	4	melkite greek <adj> church	NNP JJ JJ NN	0.5328376703841388	0.002967359050445104	0.006578947368421052	lic	0.27586206896551724	false	false	3
0	roman	http://dbpedia.org/ontology/religion	roman catholicism in france	3	<adj> catholicism in france	NNP NNP IN NNP	0.5328376703841388	0.002967359050445104	0.006578947368421052	man	0.18518518518518523	true	false	1
1	philippine	http://dbpedia.org/ontology/religion	philippine mythology	1	<adj> mythology	NNP NNP	0.5328376703841388	0.002967359050445104	0.006578947368421052	ine	0.5	true	false	1
1	catholic	http://dbpedia.org/ontology/religion	roman catholic diocese of san diego	1	roman <adj> diocese of san diego	NNP NNP NNP IN NNP NNP	0.5328376703841388	0.002967359050445104	0.006578947368421052	lic	0.22857142857142854	false	false	2
0	missionary	http://dbpedia.org/ontology/religion	missionary baptists	2	<adj> baptists	JJ NNS	0.5328376703841388	0.002967359050445104	0.006578947368421052	ary	0.5263157894736843	true	false	1
1	orthodox	http://dbpedia.org/ontology/religion	british orthodox church	1	british <adj> church	JJ NN NN	0.5328376703841388	0.002967359050445104	0.006578947368421052	dox	0.34782608695652173	false	false	2
0	south	http://dbpedia.org/ontology/religion	methodist episcopal church, south	2	methodist episcopal church, <adj>	NNP NNP NNP , NNP	0.5328376703841388	0.002967359050445104	0.006578947368421052	uth	0.1515151515151515	false	true	4
0	chinese	http://dbpedia.org/ontology/religion	chinese buddhism	1	<adj> buddhism	JJ NN	0.5328376703841388	0.002967359050445104	0.006578947368421052	ese	0.4375	true	false	1
1	christian	http://dbpedia.org/ontology/religion	congregation of christian brothers	4	congregation of <adj> brothers	NN IN NNP NNPS	0.5328376703841388	0.002967359050445104	0.006578947368421052	ian	0.2647058823529411	false	false	3
0	dominican	http://dbpedia.org/ontology/religion	dominican order	7	<adj> order	NNP NNP	0.5328376703841388	0.002967359050445104	0.006578947368421052	can	0.6	true	false	1
0	east	http://dbpedia.org/ontology/religion	ancient church of the east	3	ancient church of the <adj>	JJ NN IN DT NNP	0.5328376703841388	0.002967359050445104	0.006578947368421052	ast	0.15384615384615385	false	true	5
0	chinese	http://dbpedia.org/ontology/religion	chinese chán	17	<adj> chán	JJ NN	0.5328376703841388	0.002967359050445104	0.006578947368421052	ese	0.5833333333333333	true	false	1
1	catholic	http://dbpedia.org/ontology/religion	irish catholic	2	irish <adj>	NNP NNP	0.5328376703841388	0.002967359050445104	0.006578947368421052	lic	0.5714285714285714	false	true	2
1	ecumenical	http://dbpedia.org/ontology/religion	ecumenical patriarchate of constantinople	1	<adj> patriarchate of constantinople	JJ NN IN NNP	0.5328376703841388	0.002967359050445104	0.006578947368421052	cal	0.24390243902439024	true	false	1
1	laveyan	http://dbpedia.org/ontology/religion	laveyan satanism	4	<adj> satanism	JJ NN	0.5328376703841388	0.002967359050445104	0.006578947368421052	yan	0.4375	true	false	1
1	evangelical	http://dbpedia.org/ontology/religion	fellowship of evangelical churches	1	fellowship of <adj> churches	NNP IN JJ NNS	0.5328376703841388	0.002967359050445104	0.006578947368421052	cal	0.32352941176470584	false	false	3
1	salafi	http://dbpedia.org/ontology/religion	salafi movement	3	<adj> movement	NNP NNP	0.5328376703841388	0.002967359050445104	0.006578947368421052	afi	0.4	true	false	1
1	latin	http://dbpedia.org/ontology/religion	latin church	5	<adj> church	NNP NNP	0.5328376703841388	0.002967359050445104	0.006578947368421052	tin	0.41666666666666663	true	false	1
1	brethren	http://dbpedia.org/ontology/religion	church of the united brethren in christ	3	church of the united <adj> in christ	NN IN DT NNP NNS IN NNP	0.5328376703841388	0.002967359050445104	0.006578947368421052	ren	0.20512820512820518	false	false	5
	roman	http://dbpedia.org/ontology/religion	roman catholicism in austria	1	<adj> catholicism in austria	NNP NNP IN NNP	0.5328376703841388	0.002967359050445104	0.006578947368421052	man	0.1785714285714286	true	false	1
0	sacred	http://dbpedia.org/ontology/religion	brothers of the sacred heart	4	brothers of the <adj> heart	NNS IN DT JJ NN	0.5328376703841388	0.002967359050445104	0.006578947368421052	red	0.2142857142857143	false	false	4
1	catholic	http://dbpedia.org/ontology/religion	roman catholic diocese of wheeling-charleston	1	roman <adj> diocese of wheeling-charleston	NNP NNP NNP IN NNP	0.5328376703841388	0.002967359050445104	0.006578947368421052	lic	0.1777777777777778	false	false	2
0	cross	http://dbpedia.org/ontology/religion	congregation of holy cross	3	congregation of holy <adj>	NN IN NNP NNP	0.5328376703841388	0.002967359050445104	0.006578947368421052	oss	0.1923076923076923	false	true	4
1	reformed	http://dbpedia.org/ontology/religion	netherlands reformed congregations	1	netherlands <adj> congregations	NNP VBD NNS	0.5328376703841388	0.002967359050445104	0.006578947368421052	med	0.23529411764705888	false	false	2
0	united	http://dbpedia.org/ontology/religion	baptists in the united states	4	baptists in the <adj> states	NNS IN DT NNP NNPS	0.5328376703841388	0.002967359050445104	0.006578947368421052	ted	0.2068965517241379	false	false	4
1	catholic	http://dbpedia.org/ontology/religion	polish catholic church	1	polish <adj> church	JJ JJ NN	0.5328376703841388	0.002967359050445104	0.006578947368421052	lic	0.36363636363636365	false	false	2
1	catholic	http://dbpedia.org/ontology/religion	armenian catholic church	13	armenian <adj> church	JJ JJ NN	0.5328376703841388	0.002967359050445104	0.006578947368421052	lic	0.33333333333333337	false	false	2
1	catholic	http://dbpedia.org/ontology/religion	catholic school	4	<adj> school	NNP NNP	0.5328376703841388	0.002967359050445104	0.006578947368421052	lic	0.5333333333333333	true	false	1
0	north	http://dbpedia.org/ontology/religion	church of north india	1	church of <adj> india	NN IN JJ NNP	0.5328376703841388	0.002967359050445104	0.006578947368421052	rth	0.23809523809523814	false	false	3
1	reformed	http://dbpedia.org/ontology/religion	reformed baptists	1	<adj> baptists	VBN NNPS	0.5328376703841388	0.002967359050445104	0.006578947368421052	med	0.47058823529411764	true	false	1
1	catholic	http://dbpedia.org/ontology/religion	syriac catholic church	6	syriac <adj> church	NNP NNP NNP	0.5328376703841388	0.002967359050445104	0.006578947368421052	lic	0.36363636363636365	false	false	2
1	anglican	http://dbpedia.org/ontology/religion	anglican communion	6	<adj> communion	JJ NNP	0.5328376703841388	0.002967359050445104	0.006578947368421052	can	0.4444444444444444	true	false	1
1	wesleyan	http://dbpedia.org/ontology/religion	wesleyan church	4	<adj> church	NNP NNP	0.5328376703841388	0.002967359050445104	0.006578947368421052	yan	0.5333333333333333	true	false	1
1	episcopal	http://dbpedia.org/ontology/religion	episcopal diocese of pittsburgh	1	<adj> diocese of pittsburgh	JJ NN IN NNP	0.5328376703841388	0.002967359050445104	0.006578947368421052	pal	0.29032258064516125	true	false	1
1	free	http://dbpedia.org/ontology/religion	evangelical free church of america	7	evangelical <adj> church of america	JJ JJ NN IN NNP	0.5328376703841388	0.002967359050445104	0.006578947368421052	ree	0.11764705882352944	false	false	2
1	incarnate	http://dbpedia.org/ontology/religion	sisters of charity of the incarnate word	2	sisters of charity of the <adj> word	NNS IN NN IN DT NN NN	0.5328376703841388	0.002967359050445104	0.006578947368421052	ate	0.22499999999999998	false	false	6
1	christian	http://dbpedia.org/ontology/religion	jacobite syrian christian church	3	jacobite syrian <adj> church	NNP JJ NNP NNP	0.5328376703841388	0.002967359050445104	0.006578947368421052	ian	0.28125	false	false	3
1	evangelical	http://dbpedia.org/ontology/religion	evangelical church in the rhineland	1	<adj> church in the rhineland	JJ NN IN DT NN	0.5328376703841388	0.002967359050445104	0.006578947368421052	cal	0.3142857142857143	true	false	1
0	bulgarian	http://dbpedia.org/ontology/religion	bulgarian exarchate	6	<adj> exarchate	JJ NN	0.5328376703841388	0.002967359050445104	0.006578947368421052	ian	0.4736842105263158	true	false	1
0	sacred	http://dbpedia.org/ontology/religion	list of schools of the sacred heart	2	list of schools of the <adj> heart	NN IN NNS IN DT JJ NN	0.5328376703841388	0.002967359050445104	0.006578947368421052	red	0.17142857142857137	false	false	6
0	gray	http://dbpedia.org/ontology/religion	gray wolf	1	<adj> wolf	JJ NNP	0.5328376703841388	0.002967359050445104	0.006578947368421052	ray	0.4444444444444444	true	false	1
0	czechoslovak	http://dbpedia.org/ontology/religion	czechoslovak hussite church	2	<adj> hussite church	JJ JJ NN	0.5328376703841388	0.002967359050445104	0.006578947368421052	vak	0.4444444444444444	true	false	1
1	sami	http://dbpedia.org/ontology/religion	sami shamanism	1	<adj> shamanism	NNP NNP	0.5328376703841388	0.002967359050445104	0.006578947368421052	ami	0.2857142857142857	true	false	1
1	mormon	http://dbpedia.org/ontology/religion	mormon fundamentalism	8	<adj> fundamentalism	JJ NN	0.5328376703841388	0.002967359050445104	0.006578947368421052	mon	0.2857142857142857	true	false	1
1	messianic	http://dbpedia.org/ontology/religion	messianic judaism	2	<adj> judaism	JJ NNP	0.5328376703841388	0.002967359050445104	0.006578947368421052	nic	0.5294117647058824	true	false	1
1	orthodox	http://dbpedia.org/ontology/religion	latvian orthodox church	1	latvian <adj> church	JJ NN NN	0.5328376703841388	0.002967359050445104	0.006578947368421052	dox	0.34782608695652173	false	false	2
1	catholic	http://dbpedia.org/ontology/religion	catholic emancipation	1	<adj> emancipation	NNP NNP	0.5328376703841388	0.002967359050445104	0.006578947368421052	lic	0.38095238095238093	true	false	1
0	roman	http://dbpedia.org/ontology/religion	roman rite	4	<adj> rite	NNP NN	0.5328376703841388	0.002967359050445104	0.006578947368421052	man	0.5	true	false	1
1	palestinian	http://dbpedia.org/ontology/religion	palestinian christians	2	<adj> christians	JJ NNS	0.5328376703841388	0.002967359050445104	0.006578947368421052	ian	0.5	true	false	1
1	catholic	http://dbpedia.org/ontology/religion	greek catholic church	5	greek <adj> church	JJ JJ NN	0.5328376703841388	0.002967359050445104	0.006578947368421052	lic	0.38095238095238093	false	false	2
1	slavic	http://dbpedia.org/ontology/religion	slavic mythology	2	<adj> mythology	JJ NN	0.5328376703841388	0.002967359050445104	0.006578947368421052	vic	0.375	true	false	1
0	roman	http://dbpedia.org/ontology/religion	roman catholicism in croatia	1	<adj> catholicism in croatia	NNP NNP IN NNP	0.5328376703841388	0.002967359050445104	0.006578947368421052	man	0.1785714285714286	true	false	1
1	jewish	http://dbpedia.org/ontology/religion	jewish atheism	3	<adj> atheism	JJ NN	0.5328376703841388	0.002967359050445104	0.006578947368421052	ish	0.4285714285714286	true	false	1
1	christian	http://dbpedia.org/ontology/religion	general assembly of unitarian and free christian churches	2	general assembly of unitarian and free <adj> churches	NNP NNP IN NNP CC JJ JJ NNS	0.5328376703841388	0.002967359050445104	0.006578947368421052	ian	0.1578947368421053	false	false	7
1	baptist	http://dbpedia.org/ontology/religion	cooperative baptist fellowship	1	cooperative <adj> fellowship	JJ JJ NNP	0.5328376703841388	0.002967359050445104	0.006578947368421052	ist	0.23333333333333328	false	false	2
0	mat	http://dbpedia.org/ontology/religion	sant mat	4	sant <adj>	NNP NNP	0.5328376703841388	0.002967359050445104	0.006578947368421052	mat	0.375	false	true	2
1	presbyterian	http://dbpedia.org/ontology/religion	presbyterian church in taiwan	1	<adj> church in taiwan	JJ NN IN NNP	0.5328376703841388	0.002967359050445104	0.006578947368421052	ian	0.4137931034482759	true	false	1
0	united	http://dbpedia.org/ontology/religion	protestantism in the united states	1	protestantism in the <adj> states	NNP IN DT NNP NNPS	0.5328376703841388	0.002967359050445104	0.006578947368421052	ted	0.17647058823529416	false	false	4
1	orthodox	http://dbpedia.org/ontology/religion	ukrainian orthodox church of canada	3	ukrainian <adj> church of canada	JJ NN NN IN NNP	0.5328376703841388	0.002967359050445104	0.006578947368421052	dox	0.22857142857142854	false	false	2
0	united	http://dbpedia.org/ontology/religion	catholic church in the united states	3	catholic church in the <adj> states	NNP NNP IN DT NNP NNPS	0.5328376703841388	0.002967359050445104	0.006578947368421052	ted	0.16666666666666663	false	false	5
0	new	http://dbpedia.org/ontology/religion	japanese new religions	2	japanese <adj> religions	JJ JJ NNS	0.5328376703841388	0.002967359050445104	0.006578947368421052	new	0.13636363636363635	false	false	2
1	orthodox	http://dbpedia.org/ontology/religion	greek orthodox archdiocese of america	1	greek <adj> archdiocese of america	JJ NN NN IN NNP	0.5328376703841388	0.002967359050445104	0.006578947368421052	dox	0.21621621621621623	false	false	2
1	pashtun	http://dbpedia.org/ontology/religion	pashtun people	1	<adj> people	JJ NNS	0.5328376703841388	0.002967359050445104	0.006578947368421052	tun	0.5	true	false	1
1	punjabi	http://dbpedia.org/ontology/religion	punjabi people	1	<adj> people	JJ NNS	0.5328376703841388	0.002967359050445104	0.006578947368421052	abi	0.5	true	false	1
1	christian	http://dbpedia.org/ontology/religion	christian deism	1	<adj> deism	NNP NNP	0.5328376703841388	0.002967359050445104	0.006578947368421052	ian	0.6	true	false	1
0	old	http://dbpedia.org/ontology/religion	old believers	1	<adj> believers	JJ NNS	0.5328376703841388	0.002967359050445104	0.006578947368421052	old	0.23076923076923073	true	false	1
1	christian	http://dbpedia.org/ontology/religion	christian school	2	<adj> school	NNP NNP	0.5328376703841388	0.002967359050445104	0.006578947368421052	ian	0.5625	true	false	1
0	sacred	http://dbpedia.org/ontology/religion	sacred heart	1	<adj> heart	JJ NN	0.5328376703841388	0.002967359050445104	0.006578947368421052	red	0.5	true	false	1
1	evangelic	http://dbpedia.org/ontology/religion	evangelic	1	<adj>	NNP	0.5328376703841388	0.002967359050445104	0.006578947368421052	lic	1.0	true	true	1
1	orthodox	http://dbpedia.org/ontology/religion	modern orthodox judaism	8	modern <adj> judaism	JJ NN NNP	0.5328376703841388	0.002967359050445104	0.006578947368421052	dox	0.34782608695652173	false	false	2
0	nazi	http://dbpedia.org/ontology/religion	glossary of nazi germany	1	glossary of <adj> germany	NN IN NNP NNP	0.5328376703841388	0.002967359050445104	0.006578947368421052	azi	0.16666666666666663	false	false	3
0	dead	http://dbpedia.org/ontology/religion	veneration of the dead	3	veneration of the <adj>	NN IN DT JJ	0.5328376703841388	0.002967359050445104	0.006578947368421052	ead	0.18181818181818177	false	true	4
ß	lebanese	http://dbpedia.org/ontology/religion	lebanese maronite order	1	<adj> maronite order	JJ NNP NN	0.5328376703841388	0.002967359050445104	0.006578947368421052	ese	0.34782608695652173	true	false	1
1	serer	http://dbpedia.org/ontology/religion	serer religion	3	<adj> religion	NNP NNP	0.5328376703841388	0.002967359050445104	0.006578947368421052	rer	0.3571428571428571	true	false	1
1	catholic	http://dbpedia.org/ontology/religion	syro-malankara catholic church	2	syro-malankara <adj> church	NNP NNP NNP	0.5328376703841388	0.002967359050445104	0.006578947368421052	lic	0.2666666666666667	false	false	2
1	reformed	http://dbpedia.org/ontology/religion	reformed church in romania	1	<adj> church in romania	VBN NN IN NNP	0.5328376703841388	0.002967359050445104	0.006578947368421052	med	0.3076923076923077	true	false	1
1	baptist	http://dbpedia.org/ontology/religion	hawaii pacific baptist convention	1	hawaii pacific <adj> convention	NNP NNP NNP NNP	0.5328376703841388	0.002967359050445104	0.006578947368421052	ist	0.21212121212121215	false	false	3
0	religious	http://dbpedia.org/ontology/religion	religious conversion	2	<adj> conversion	JJ NN	0.5328376703841388	0.002967359050445104	0.006578947368421052	ous	0.44999999999999996	true	false	1
1	episcopal	http://dbpedia.org/ontology/religion	reformed episcopal church	2	reformed <adj> church	VBN JJ NN	0.5328376703841388	0.002967359050445104	0.006578947368421052	pal	0.36	false	false	2
0	korean	http://dbpedia.org/ontology/religion	korean buddhism	8	<adj> buddhism	JJ NN	0.5328376703841388	0.002967359050445104	0.006578947368421052	ean	0.4	true	false	1
1	lutheran	http://dbpedia.org/ontology/religion	evangelical lutheran church in namibia	2	evangelical <adj> church in namibia	JJ NNP NNP IN NNP	0.5328376703841388	0.002967359050445104	0.006578947368421052	ran	0.21052631578947367	false	false	2
0	germanic	http://dbpedia.org/ontology/religion	germanic paganism	1	<adj> paganism	JJ NN	0.5328376703841388	0.002967359050445104	0.006578947368421052	nic	0.47058823529411764	true	false	1
1	unitarian	http://dbpedia.org/ontology/religion	american unitarian association	3	american <adj> association	NNP NNP NNP	0.5328376703841388	0.002967359050445104	0.006578947368421052	ian	0.30000000000000004	false	false	2
1	evangelical	http://dbpedia.org/ontology/religion	armenian evangelical church	8	armenian <adj> church	JJ JJ NN	0.5328376703841388	0.002967359050445104	0.006578947368421052	cal	0.40740740740740744	false	false	2
1	episcopal	http://dbpedia.org/ontology/religion	african methodist episcopal zion church	2	african methodist <adj> zion church	NNP NNP NNP NNP NNP	0.5328376703841388	0.002967359050445104	0.006578947368421052	pal	0.23076923076923073	false	false	3
1	brahmin	http://dbpedia.org/ontology/religion	brahmin	2	<adj>	NNP	0.5328376703841388	0.002967359050445104	0.006578947368421052	min	1.0	true	true	1
1	episcopal	http://dbpedia.org/ontology/religion	christian methodist episcopal church	1	christian methodist <adj> church	NNP NNP NNP NNP	0.5328376703841388	0.002967359050445104	0.006578947368421052	pal	0.25	false	false	3
1	baptist	http://dbpedia.org/ontology/religion	united baptist	2	united <adj>	NNP NNP	0.5328376703841388	0.002967359050445104	0.006578947368421052	ist	0.5	false	true	2
1	indigenous	http://dbpedia.org/ontology/religion	indigenous peoples of the americas	3	<adj> peoples of the americas	JJ NNS IN DT NNPS	0.5328376703841388	0.002967359050445104	0.006578947368421052	ous	0.2941176470588235	true	false	1
0	south	http://dbpedia.org/ontology/religion	old south church	1	old <adj> church	NNP NNP NNP	0.5328376703841388	0.002967359050445104	0.006578947368421052	uth	0.3125	false	false	2
0	marathi	http://dbpedia.org/ontology/religion	marathi language	2	<adj> language	NNP NN	0.5328376703841388	0.002967359050445104	0.006578947368421052	thi	0.4375	true	false	1
1	māori	http://dbpedia.org/ontology/religion	māori religion	2	<adj> religion	NNP NNP	0.5328376703841388	0.002967359050445104	0.006578947368421052	ori	0.3571428571428571	true	false	1
1	hellenic	http://dbpedia.org/ontology/religion	hellenic polytheism	1	<adj> polytheism	JJ NN	0.5328376703841388	0.002967359050445104	0.006578947368421052	nic	0.42105263157894735	true	false	1
0	eclectic	http://dbpedia.org/ontology/religion	universal eclectic wicca	1	universal <adj> wicca	JJ JJ NNP	0.5328376703841388	0.002967359050445104	0.006578947368421052	tic	0.33333333333333337	false	false	2
0	religious	http://dbpedia.org/ontology/religion	religious science	2	<adj> science	JJ NN	0.5328376703841388	0.002967359050445104	0.006578947368421052	ous	0.5294117647058824	true	false	1
1	presbyterian	http://dbpedia.org/ontology/religion	evangelical presbyterian church, ghana	1	evangelical <adj> church, ghana	JJ JJ NN , NNP	0.5328376703841388	0.002967359050445104	0.006578947368421052	ian	0.3157894736842105	false	false	2
1	christian	http://dbpedia.org/ontology/religion	jewish christian	1	jewish <adj>	JJ NNP	0.5328376703841388	0.002967359050445104	0.006578947368421052	ian	0.5625	false	true	2
0	north	http://dbpedia.org/ontology/religion	quakers in north america	1	quakers in <adj> america	NNPS IN NNP NNP	0.5328376703841388	0.002967359050445104	0.006578947368421052	rth	0.20833333333333337	false	false	3
1	inuit	http://dbpedia.org/ontology/religion	inuit mythology	1	<adj> mythology	NNP NN	0.5328376703841388	0.002967359050445104	0.006578947368421052	uit	0.33333333333333337	true	false	1
0	new	http://dbpedia.org/ontology/religion	new thought	2	<adj> thought	JJ NN	0.5328376703841388	0.002967359050445104	0.006578947368421052	new	0.2727272727272727	true	false	1
1	presbyterian	http://dbpedia.org/ontology/religion	church of central africa, presbyterian	1	church of central africa, <adj>	NN IN NNP NNP , NNP	0.5328376703841388	0.002967359050445104	0.006578947368421052	ian	0.3157894736842105	false	true	5
0	religious	http://dbpedia.org/ontology/religion	religious views of adolf hitler	1	<adj> views of adolf hitler	JJ NNS IN NNP NNP	0.5328376703841388	0.002967359050445104	0.006578947368421052	ous	0.29032258064516125	true	false	1
0	religious	http://dbpedia.org/ontology/religion	religious humanism	1	<adj> humanism	JJ NN	0.5328376703841388	0.002967359050445104	0.006578947368421052	ous	0.5	true	false	1
1	haitian	http://dbpedia.org/ontology/religion	haitian vodou	2	<adj> vodou	JJ NN	0.5328376703841388	0.002967359050445104	0.006578947368421052	ian	0.5384615384615384	true	false	1
0	latter-day	http://dbpedia.org/ontology/religion	fundamentalist church of jesus christ of latter-day saints	1	fundamentalist church of jesus christ of <adj> saints	JJ NN IN NNP NNP IN JJ NNS	0.5328376703841388	0.002967359050445104	0.006578947368421052	day	0.1724137931034483	false	false	7
1	baptist	http://dbpedia.org/ontology/religion	american baptist churches usa	7	american <adj> churches usa	NNP NNP NNS NNP	0.5328376703841388	0.002967359050445104	0.006578947368421052	ist	0.24137931034482762	false	false	2
0	quantum	http://dbpedia.org/ontology/religion	quantum mechanics	1	<adj> mechanics	NNP NNS	0.5328376703841388	0.002967359050445104	0.006578947368421052	tum	0.4117647058823529	true	false	1
0	radical	http://dbpedia.org/ontology/religion	radical pietism	1	<adj> pietism	JJ NN	0.5328376703841388	0.002967359050445104	0.006578947368421052	cal	0.4666666666666667	true	false	1
1	reformed	http://dbpedia.org/ontology/religion	evangelical and reformed church	3	evangelical and <adj> church	JJ CC VBN NN	0.5328376703841388	0.002967359050445104	0.006578947368421052	med	0.25806451612903225	false	false	3
0	foursquare	http://dbpedia.org/ontology/religion	international church of the foursquare gospel	1	international church of the <adj> gospel	NNP NNP IN DT JJ NN	0.5328376703841388	0.002967359050445104	0.006578947368421052	are	0.2222222222222222	false	false	5
1	christian	http://dbpedia.org/ontology/religion	national association of congregational christian churches	1	national association of congregational <adj> churches	NNP NNP IN JJ JJ NNS	0.5328376703841388	0.002967359050445104	0.006578947368421052	ian	0.1578947368421053	false	false	5
1	presbyterian	http://dbpedia.org/ontology/religion	non-subscribing presbyterian church of ireland	1	non-subscribing <adj> church of ireland	JJ JJ NN IN NNP	0.5328376703841388	0.002967359050445104	0.006578947368421052	ian	0.26086956521739135	false	false	2
1	anglican	http://dbpedia.org/ontology/religion	anglican mission in the americas	1	<adj> mission in the americas	JJ NN IN DT NNPS	0.5328376703841388	0.002967359050445104	0.006578947368421052	can	0.25	true	false	1
0	charismatic	http://dbpedia.org/ontology/religion	charismatic christianity	2	<adj> christianity	JJ NNP	0.5328376703841388	0.002967359050445104	0.006578947368421052	tic	0.45833333333333337	true	false	1
0	netherlands	http://dbpedia.org/ontology/religion	evangelical lutheran church in the kingdom of the netherlands	2	evangelical lutheran church in the kingdom of the <adj>	JJ NNP NNP IN DT NN IN DT NNP	0.5328376703841388	0.002967359050445104	0.006578947368421052	nds	0.180327868852459	false	true	9
0	roman	http://dbpedia.org/ontology/religion	roman catholicism in germany	2	<adj> catholicism in germany	NNP NNP IN NNP	0.5328376703841388	0.002967359050445104	0.006578947368421052	man	0.1785714285714286	true	false	1
1	orthodox	http://dbpedia.org/ontology/religion	greek orthodox archdiocese of australia	1	greek <adj> archdiocese of australia	JJ NN NN IN NNP	0.5328376703841388	0.002967359050445104	0.006578947368421052	dox	0.20512820512820518	false	false	2
1	methodist	http://dbpedia.org/ontology/religion	methodist church of fiji and rotuma	1	<adj> church of fiji and rotuma	NNP NNP IN NNP CC NNP	0.5328376703841388	0.002967359050445104	0.006578947368421052	ist	0.2571428571428571	true	false	1
0	east	http://dbpedia.org/ontology/religion	middle east	1	middle <adj>	NNP NNP	0.5328376703841388	0.002967359050445104	0.006578947368421052	ast	0.36363636363636365	false	true	2
1	united	http://dbpedia.org/ontology/religion	native americans in the united states	3	native americans in the <adj> states	JJ NNPS IN DT NNP NNPS	0.5328376703841388	0.002967359050445104	0.006578947368421052	ted	0.16216216216216217	false	false	5
0	holy	http://dbpedia.org/ontology/religion	society of the holy child jesus	2	society of the <adj> child jesus	NN IN DT JJ NN NNP	0.5328376703841388	0.002967359050445104	0.006578947368421052	oly	0.12903225806451613	false	false	4
1	evangelical	http://dbpedia.org/ontology/religion	united pentecostal and evangelical churches	3	united pentecostal and <adj> churches	NNP NNP CC JJ NNS	0.5328376703841388	0.002967359050445104	0.006578947368421052	cal	0.2558139534883721	false	false	4
1	catholic	http://dbpedia.org/ontology/religion	roman catholic archdiocese of regina	2	roman <adj> archdiocese of regina	NNP NNP NNP IN NNP	0.5328376703841388	0.002967359050445104	0.006578947368421052	lic	0.2222222222222222	false	false	2
0	new	http://dbpedia.org/ontology/religion	new confucianism	1	<adj> confucianism	JJ NN	0.5328376703841388	0.002967359050445104	0.006578947368421052	new	0.1875	true	false	1
0	javanese	http://dbpedia.org/ontology/religion	javanese beliefs	2	<adj> beliefs	JJ NNS	0.5328376703841388	0.002967359050445104	0.006578947368421052	see	0.5	true	false	1
1	united	http://dbpedia.org/ontology/religion	reformed church in the united states	1	reformed church in the <adj> states	VBN NN IN DT NNP NNPS	0.5328376703841388	0.002967359050445104	0.006578947368421052	ted	0.16666666666666663	false	false	5
1	methodist	http://dbpedia.org/ontology/religion	southern methodist university	2	southern <adj> university	NNP NNP NNP	0.5328376703841388	0.002967359050445104	0.006578947368421052	ist	0.31034482758620685	false	false	2
0	britain	http://dbpedia.org/ontology/religion	methodist church of great britain	1	methodist church of great <adj>	NNP NNP IN NNP NNP	0.5328376703841388	0.002967359050445104	0.006578947368421052	ain	0.21212121212121215	false	true	5
0	behind	http://dbpedia.org/ontology/religion	list of left behind characters	2	list of left <adj> characters	NN IN VBN IN NNS	0.5328376703841388	0.002967359050445104	0.006578947368421052	ind	0.19999999999999996	false	false	4
0	wood	http://dbpedia.org/ontology/religion	ed wood	1	ed <adj>	NNP NNP	0.5328376703841388	0.002967359050445104	0.006578947368421052	ood	0.5714285714285714	false	true	2
1	christian	http://dbpedia.org/ontology/religion	sisters of christian charity	1	sisters of <adj> charity	NNS IN JJ NN	0.5328376703841388	0.002967359050445104	0.006578947368421052	ian	0.3214285714285714	false	false	3
0	netherlands	http://dbpedia.org/ontology/religion	mennonite church in the netherlands	2	mennonite church in the <adj>	NNP NNP IN DT NNP	0.5328376703841388	0.002967359050445104	0.006578947368421052	nds	0.3142857142857143	false	true	5
1	buddhist	http://dbpedia.org/ontology/religion	dalit buddhist movement	1	dalit <adj> movement	NNP NNP NN	0.5328376703841388	0.002967359050445104	0.006578947368421052	ist	0.34782608695652173	false	false	2
0	latter	http://dbpedia.org/ontology/religion	list of sects in the latter day saint movement	1	list of sects in the <adj> day saint movement	NN IN NNS IN DT JJ NN NN NN	0.5328376703841388	0.002967359050445104	0.006578947368421052	ter	0.13043478260869568	false	false	6
0	minor	http://dbpedia.org/ontology/religion	order of friars minor capuchin	1	order of friars <adj> capuchin	NN IN NNS JJ NN	0.5328376703841388	0.002967359050445104	0.006578947368421052	nor	0.16666666666666663	false	false	4
1	catholic	http://dbpedia.org/ontology/religion	ruthenian catholic church	1	ruthenian <adj> church	JJ JJ NN	0.5328376703841388	0.002967359050445104	0.006578947368421052	lic	0.31999999999999995	false	false	2
1	franciscan	http://dbpedia.org/ontology/religion	franciscan	6	<adj>	JJ	0.5328376703841388	0.002967359050445104	0.006578947368421052	can	1.0	true	true	1
1	syriac	http://dbpedia.org/ontology/religion	syriac christianity	3	<adj> christianity	NNP NNP	0.5328376703841388	0.002967359050445104	0.006578947368421052	iac	0.3157894736842105	true	false	1
0	good	http://dbpedia.org/ontology/religion	church of the good shepherd	1	church of the <adj> shepherd	NN IN DT JJ NN	0.5328376703841388	0.002967359050445104	0.006578947368421052	ood	0.14814814814814814	false	false	4
0	divine	http://dbpedia.org/ontology/religion	daughters of divine charity	1	daughters of <adj> charity	NNS IN JJ NN	0.5328376703841388	0.002967359050445104	0.006578947368421052	ine	0.2222222222222222	false	false	3
0	none	http://dbpedia.org/ontology/religion	none	2	<adj>	NN	0.5328376703841388	0.002967359050445104	0.006578947368421052	one	1.0	true	true	1
1	catholic	http://dbpedia.org/ontology/religion	roman catholic diocese of hong kong	1	roman <adj> diocese of hong kong	NNP NNP NNP IN NNP NNP	0.5328376703841388	0.002967359050445104	0.006578947368421052	lic	0.22857142857142854	false	false	2
0	born	http://dbpedia.org/ontology/religion	born again movement	1	<adj> again movement	VBN RB NN	0.5328376703841388	0.002967359050445104	0.006578947368421052	orn	0.21052631578947367	true	false	1
0	inner	http://dbpedia.org/ontology/religion	movement of spiritual inner awareness	1	movement of spiritual <adj> awareness	NN IN JJ JJ NN	0.5328376703841388	0.002967359050445104	0.006578947368421052	ner	0.1351351351351351	false	false	4
1	assyrian	http://dbpedia.org/ontology/religion	assyrian people	1	<adj> people	JJ NNS	0.5328376703841388	0.002967359050445104	0.006578947368421052	ian	0.5333333333333333	true	false	1
0	american	http://dbpedia.org/ontology/religion	ukrainian american	1	ukrainian <adj>	JJ NNP	0.5328376703841388	0.002967359050445104	0.006578947368421052	can	0.4444444444444444	false	true	2
1	baptist	http://dbpedia.org/ontology/religion	sisters of st. john the baptist	1	sisters of st. john the <adj>	NNS IN NNP NNP DT NNP	0.5328376703841388	0.002967359050445104	0.006578947368421052	ist	0.22580645161290325	false	true	6
0	integrated	http://dbpedia.org/ontology/religion	integrated education	1	<adj> education	NNP NNP	0.5328376703841388	0.002967359050445104	0.006578947368421052	ted	0.5	true	false	1
1	christian	http://dbpedia.org/ontology/religion	christian atheism	1	<adj> atheism	NNP NNP	0.5328376703841388	0.002967359050445104	0.006578947368421052	ian	0.5294117647058824	true	false	1
1	catholic	http://dbpedia.org/ontology/religion	old catholic church of america	2	old <adj> church of america	JJ NNP NNP IN NNP	0.5328376703841388	0.002967359050445104	0.006578947368421052	lic	0.2666666666666667	false	false	2
0	roman	http://dbpedia.org/ontology/religion	roman catholicism in nigeria	1	<adj> catholicism in nigeria	NNP NNP IN NNP	0.5328376703841388	0.002967359050445104	0.006578947368421052	man	0.1785714285714286	true	false	1
0	north	http://dbpedia.org/ontology/religion	free presbyterian church of north america	1	free presbyterian church of <adj> america	JJ JJ NN IN NNP NNP	0.5328376703841388	0.002967359050445104	0.006578947368421052	rth	0.12195121951219512	false	false	5
1	brethren	http://dbpedia.org/ontology/religion	plymouth brethren	1	plymouth <adj>	NNP NNS	0.5328376703841388	0.002967359050445104	0.006578947368421052	ren	0.47058823529411764	false	true	2
0	ivory	http://dbpedia.org/ontology/religion	ivory coast	1	<adj> coast	NNP NNP	0.5328376703841388	0.002967359050445104	0.006578947368421052	ory	0.4545454545454546	true	false	1
0	new	http://dbpedia.org/ontology/religion	new age	1	<adj> age	JJ NN	0.5328376703841388	0.002967359050445104	0.006578947368421052	new	0.4285714285714286	true	false	1
1	kemetic	http://dbpedia.org/ontology/religion	kemetic orthodoxy	1	<adj> orthodoxy	NNP NN	0.5328376703841388	0.002967359050445104	0.006578947368421052	tic	0.4117647058823529	true	false	1
0	roman	http://dbpedia.org/ontology/religion	roman catholicism in gibraltar	4	<adj> catholicism in gibraltar	NNP NNP IN NNP	0.5328376703841388	0.002967359050445104	0.006578947368421052	man	0.16666666666666663	true	false	1
1	brethren	http://dbpedia.org/ontology/religion	schwarzenau brethren	1	schwarzenau <adj>	NNP NNS	0.5328376703841388	0.002967359050445104	0.006578947368421052	ren	0.4	false	true	2
0	high	http://dbpedia.org/ontology/religion	high church	3	<adj> church	JJ NN	0.5328376703841388	0.002967359050445104	0.006578947368421052	igh	0.36363636363636365	true	false	1
1	reformed	http://dbpedia.org/ontology/religion	united reformed church	2	united <adj> church	NNP NNP NNP	0.5328376703841388	0.002967359050445104	0.006578947368421052	med	0.36363636363636365	false	false	2
1	brethren	http://dbpedia.org/ontology/religion	fellowship of grace brethren churches	1	fellowship of grace <adj> churches	NNP IN NNP NNS NNS	0.5328376703841388	0.002967359050445104	0.006578947368421052	ren	0.21621621621621623	false	false	4
1	catholic	http://dbpedia.org/ontology/religion	roman catholic diocese of lansing	1	roman <adj> diocese of lansing	NNP NNP NNP IN NNP	0.5328376703841388	0.002967359050445104	0.006578947368421052	lic	0.24242424242424243	false	false	2
0	holy	http://dbpedia.org/ontology/religion	holy ghost fathers	1	<adj> ghost fathers	JJ NN NNS	0.5328376703841388	0.002967359050445104	0.006578947368421052	oly	0.2222222222222222	true	false	1
1	berber	http://dbpedia.org/ontology/religion	berber people	1	<adj> people	NNP NNPS	0.5328376703841388	0.002967359050445104	0.006578947368421052	ber	0.46153846153846156	true	false	1
1	hasidic	http://dbpedia.org/ontology/religion	hasidic judaism	3	<adj> judaism	JJ NNP	0.5328376703841388	0.002967359050445104	0.006578947368421052	dic	0.4666666666666667	true	false	1
1	sunni	http://dbpedia.org/ontology/religion	sunni islam in lebanon	2	<adj> islam in lebanon	NNP NNP IN NNP	0.5328376703841388	0.002967359050445104	0.006578947368421052	nni	0.2272727272727273	true	false	1
1	reformed	http://dbpedia.org/ontology/religion	swiss reformed church	2	swiss <adj> church	JJ VBN NN	0.5328376703841388	0.002967359050445104	0.006578947368421052	med	0.38095238095238093	false	false	2
0	roman	http://dbpedia.org/ontology/religion	roman catholicism in lebanon	1	<adj> catholicism in lebanon	NNP NNP IN NNP	0.5328376703841388	0.002967359050445104	0.006578947368421052	man	0.1785714285714286	true	false	1
1	agnostic	http://dbpedia.org/ontology/religion	agnostic theism	1	<adj> theism	JJ NN	0.5328376703841388	0.002967359050445104	0.006578947368421052	tic	0.5333333333333333	true	false	1
1	catholic	http://dbpedia.org/ontology/religion	roman catholic diocese of saskatoon	1	roman <adj> diocese of saskatoon	NNP NNP NNP IN NNP	0.5328376703841388	0.002967359050445104	0.006578947368421052	lic	0.22857142857142854	false	false	2
0	by	http://dbpedia.org/ontology/religion	two by twos	1	two <adj> twos	CD IN NNS	0.5328376703841388	0.002967359050445104	0.006578947368421052	by	0.18181818181818177	false	false	2
1	syrian	http://dbpedia.org/ontology/religion	mar thoma syrian church	1	mar thoma <adj> church	NNP NNP JJ NN	0.5328376703841388	0.002967359050445104	0.006578947368421052	ian	0.26086956521739135	false	false	3
1	methodist	http://dbpedia.org/ontology/religion	first united methodist church	1	first united <adj> church	JJ NNP NNP NNP	0.5328376703841388	0.002967359050445104	0.006578947368421052	ist	0.31034482758620685	false	false	3
1	reformed	http://dbpedia.org/ontology/religion	christian reformed churches	1	christian <adj> churches	NNP VBD NNS	0.5328376703841388	0.002967359050445104	0.006578947368421052	med	0.2962962962962963	false	false	2
1	syrian	http://dbpedia.org/ontology/religion	chaldean syrian church	1	chaldean <adj> church	NNP JJ NN	0.5328376703841388	0.002967359050445104	0.006578947368421052	ian	0.2727272727272727	false	false	2
1	christian	http://dbpedia.org/ontology/religion	saint thomas christian churches	1	saint thomas <adj> churches	NNP NNP NNP NNS	0.5328376703841388	0.002967359050445104	0.006578947368421052	ian	0.29032258064516125	false	false	3
1	syrian	http://dbpedia.org/ontology/religion	malabar independent syrian church	1	malabar independent <adj> church	NNP NNP JJ NN	0.5328376703841388	0.002967359050445104	0.006578947368421052	ian	0.18181818181818177	false	false	3
0	sacred	http://dbpedia.org/ontology/religion	apostles of the sacred heart of jesus	1	apostles of the <adj> heart of jesus	NNS IN DT JJ NN IN NNP	0.5328376703841388	0.002967359050445104	0.006578947368421052	red	0.16216216216216217	false	false	4
1	sindhi	http://dbpedia.org/ontology/religion	sindhi people	1	<adj> people	NNP NNPS	0.5328376703841388	0.002967359050445104	0.006578947368421052	dhi	0.46153846153846156	true	false	1
0	international	http://dbpedia.org/ontology/religion	pillar of fire international	1	pillar of fire <adj>	NN IN NNP NNP	0.5328376703841388	0.002967359050445104	0.006578947368421052	nal	0.4642857142857143	false	true	4
1	campbellite	http://dbpedia.org/ontology/religion	campbellite	1	<adj>	NNP	0.5328376703841388	0.002967359050445104	0.006578947368421052	ite	1.0	true	true	1
1	catholic	http://dbpedia.org/ontology/religion	roman catholic diocese of fort wayne-south bend	1	roman <adj> diocese of fort wayne-south bend	NNP NNP NNP IN NNP NNP NNP	0.5328376703841388	0.002967359050445104	0.006578947368421052	lic	0.17021276595744683	false	false	2
0	divine	http://dbpedia.org/ontology/religion	sisters of the divine savior	1	sisters of the <adj> savior	NNS IN DT JJ NN	0.5328376703841388	0.002967359050445104	0.006578947368421052	ine	0.2142857142857143	false	false	4
1	secular	http://dbpedia.org/ontology/religion	secular education	1	<adj> education	JJ NN	0.5328376703841388	0.002967359050445104	0.006578947368421052	lar	0.4117647058823529	true	false	1
0	north	http://dbpedia.org/ontology/religion	anglican church in north america	1	anglican church in <adj> america	JJ NN IN NNP NNP	0.5328376703841388	0.002967359050445104	0.006578947368421052	rth	0.15625	false	false	4
0	multidenominational	http://dbpedia.org/ontology/religion	multidenominational school	1	<adj> school	JJ NN	0.5328376703841388	0.002967359050445104	0.006578947368421052	nal	0.7307692307692308	true	false	1
1	baptist	http://dbpedia.org/ontology/religion	convention of atlantic baptist churches	1	convention of atlantic <adj> churches	NN IN NNP NNP NNS	0.5328376703841388	0.002967359050445104	0.006578947368421052	ist	0.17948717948717952	false	false	4
0	magic	http://dbpedia.org/ontology/religion	chaos magic	1	chaos <adj>	NN NN	0.5328376703841388	0.002967359050445104	0.006578947368421052	gic	0.4545454545454546	false	true	2
1	baptist	http://dbpedia.org/ontology/religion	kentucky baptist convention	1	kentucky <adj> convention	NNP NNP NNP	0.5328376703841388	0.002967359050445104	0.006578947368421052	ist	0.2592592592592593	false	false	2
0	separate	http://dbpedia.org/ontology/religion	separate baptists	1	<adj> baptists	JJ NNS	0.5328376703841388	0.002967359050445104	0.006578947368421052	ate	0.47058823529411764	true	false	1
0	blessed	http://dbpedia.org/ontology/religion	servants of the blessed sacrament	1	servants of the <adj> sacrament	NNS IN DT VBN NN	0.5328376703841388	0.002967359050445104	0.006578947368421052	sed	0.21212121212121215	false	false	4
1	australian	http://dbpedia.org/ontology/religion	australian church	1	<adj> church	JJ NN	0.5328376703841388	0.002967359050445104	0.006578947368421052	ian	0.5882352941176471	true	false	1
0	firstborn	http://dbpedia.org/ontology/religion	church of the firstborn of the fulness of times	1	church of the <adj> of the fulness of times	NN IN DT NN IN DT NN IN NNS	0.5328376703841388	0.002967359050445104	0.006578947368421052	orn	0.19148936170212771	false	false	4
1	christian	http://dbpedia.org/ontology/religion	australian christian churches	1	australian <adj> churches	JJ NNP NNS	0.5328376703841388	0.002967359050445104	0.006578947368421052	ian	0.31034482758620685	false	false	2
1	reformed	http://dbpedia.org/ontology/religion	restored reformed church	1	restored <adj> church	VBN VBN NN	0.5328376703841388	0.002967359050445104	0.006578947368421052	med	0.33333333333333337	false	false	2
0	land	http://dbpedia.org/ontology/religion	pure land buddhism	1	pure <adj> buddhism	JJ NN NN	0.5328376703841388	0.002967359050445104	0.006578947368421052	and	0.2222222222222222	false	false	2
0	liberal	http://dbpedia.org/ontology/religion	liberal christianity	1	<adj> christianity	JJ NNP	0.5328376703841388	0.002967359050445104	0.006578947368421052	ral	0.35	true	false	1
1	presbyterian	http://dbpedia.org/ontology/religion	bible presbyterian church	1	bible <adj> church	NNP NNP NNP	0.5328376703841388	0.002967359050445104	0.006578947368421052	ian	0.48	false	false	2
1	irani	http://dbpedia.org/ontology/religion	pir irani	1	pir <adj>	NNP NNP	0.5328376703841388	0.002967359050445104	0.006578947368421052	ani	0.5555555555555556	false	true	2
0	american	http://dbpedia.org/ontology/religion	american football	1	<adj> football	NNP NNP	0.5328376703841388	0.002967359050445104	0.006578947368421052	can	0.47058823529411764	true	false	1
1	united	http://dbpedia.org/ontology/religion	ásatrú in the united states	1	ásatrú in the <adj> states	NNP IN DT NNP NNPS	0.5328376703841388	0.002967359050445104	0.006578947368421052	ted	0.2222222222222222	false	false	4
1	byzantine	http://dbpedia.org/ontology/religion	byzantine rite	1	<adj> rite	JJ NN	0.5328376703841388	0.002967359050445104	0.006578947368421052	ine	0.6428571428571428	true	false	1
1	reformed	http://dbpedia.org/ontology/religion	reformed church in hungary	1	<adj> church in hungary	VBN NN IN NNP	0.5328376703841388	0.002967359050445104	0.006578947368421052	med	0.3076923076923077	true	false	1
0	general	http://dbpedia.org/ontology/religion	general association of general baptists	1	<adj> association of <adj> baptists	NNP NNP IN NNP NNPS	0.5328376703841388	0.002967359050445104	0.006578947368421052	ral	0.17948717948717952	false	false	4
1	brethren	http://dbpedia.org/ontology/religion	brethren in christ church	1	<adj> in christ church	NNS IN NNP NNP	0.5328376703841388	0.002967359050445104	0.006578947368421052	ren	0.31999999999999995	true	false	1
0	seventh	http://dbpedia.org/ontology/religion	seventh day baptists	1	<adj> day baptists	JJ NN NNS	0.5328376703841388	0.002967359050445104	0.006578947368421052	nth	0.35	true	false	1
0	international	http://dbpedia.org/ontology/religion	international society for krishna consciousness	1	<adj> society for krishna consciousness	NNP NNP IN NNP NN	0.5328376703841388	0.002967359050445104	0.006578947368421052	nal	0.276595744680851	true	false	1
0	north	http://dbpedia.org/ontology/religion	swedenborgian church of north america	1	swedenborgian church of <adj> america	NNP NNP IN NNP NNP	0.5328376703841388	0.002967359050445104	0.006578947368421052	rth	0.1351351351351351	false	false	4
0	south	http://dbpedia.org/ontology/religion	roman catholicism in south korea	1	roman catholicism in <adj> korea	NNP NNP IN NNP NNP	0.5328376703841388	0.002967359050445104	0.006578947368421052	uth	0.15625	false	false	4
1	episcopal	http://dbpedia.org/ontology/religion	free protestant episcopal church	1	free protestant <adj> church	JJ JJ JJ NN	0.5328376703841388	0.002967359050445104	0.006578947368421052	pal	0.28125	false	false	3
0	sacred	http://dbpedia.org/ontology/religion	religious of the sacred heart of mary	1	religious of the <adj> heart of mary	JJ IN DT JJ NN IN NNP	0.5328376703841388	0.002967359050445104	0.006578947368421052	red	0.16216216216216217	false	false	4
1	lutheran	http://dbpedia.org/ontology/religion	independent evangelical lutheran church	2	independent evangelical <adj> church	JJ JJ NNP NNP	0.5328376703841388	0.002967359050445104	0.006578947368421052	ran	0.20512820512820518	false	false	3
0	supreme	http://dbpedia.org/ontology/religion	cult of the supreme being	1	cult of the <adj> being	NN IN DT NNP VBG	0.5328376703841388	0.002967359050445104	0.006578947368421052	eme	0.28	false	false	4
1	lutheran	http://dbpedia.org/ontology/religion	evangelical lutheran synod	1	evangelical <adj> synod	JJ NNP NNP	0.5328376703841388	0.002967359050445104	0.006578947368421052	ran	0.3076923076923077	false	false	2
0	sacred	http://dbpedia.org/ontology/religion	society of the sacred heart	1	society of the <adj> heart	NN IN DT JJ NN	0.5328376703841388	0.002967359050445104	0.006578947368421052	red	0.2222222222222222	false	false	4
0	five	http://dbpedia.org/ontology/religion	five houses of chán	1	<adj> houses of chán	CD NNS IN NN	0.5328376703841388	0.002967359050445104	0.006578947368421052	ive	0.21052631578947367	true	false	1
0	holy	http://dbpedia.org/ontology/religion	holy spirit movement	1	<adj> spirit movement	JJ NN NN	0.5328376703841388	0.002967359050445104	0.006578947368421052	oly	0.19999999999999996	true	false	1
1	catholic	http://dbpedia.org/ontology/religion	coptic catholic church	2	coptic <adj> church	JJ JJ NN	0.5328376703841388	0.002967359050445104	0.006578947368421052	lic	0.36363636363636365	false	false	2
0	roman	http://dbpedia.org/ontology/religion	roman catholicism in canada	1	<adj> catholicism in canada	NNP NNP IN NNP	0.5328376703841388	0.002967359050445104	0.006578947368421052	man	0.18518518518518523	true	false	1
1	universal	http://dbpedia.org/ontology/religion	universal sufism	1	<adj> sufism	JJ NN	0.5328376703841388	0.002967359050445104	0.006578947368421052	sal	0.5625	true	false	1
0	southern	http://dbpedia.org/ontology/religion	uniting presbyterian church in southern africa	1	uniting presbyterian church in <adj> africa	VBG JJ NN IN NNP NNP	0.5328376703841388	0.002967359050445104	0.006578947368421052	ern	0.17391304347826086	false	false	5
1	catholic	http://dbpedia.org/ontology/religion	bulgarian greek catholic church	1	bulgarian greek <adj> church	JJ JJ JJ NN	0.5328376703841388	0.002967359050445104	0.006578947368421052	lic	0.25806451612903225	false	false	3
1	brethren	http://dbpedia.org/ontology/religion	mennonite brethren church	1	mennonite <adj> church	NNP NNS NN	0.5328376703841388	0.002967359050445104	0.006578947368421052	ren	0.31999999999999995	false	false	2
1	lutheran	http://dbpedia.org/ontology/religion	lutheran church of australia	1	<adj> church of australia	NNP NNP IN NNP	0.5328376703841388	0.002967359050445104	0.006578947368421052	ran	0.2857142857142857	true	false	1
0	augustan	http://dbpedia.org/ontology/religion	evangelical church of augustan confession in romania	1	evangelical church of <adj> confession in romania	JJ NN IN NNP NN IN NNP	0.5328376703841388	0.002967359050445104	0.006578947368421052	tan	0.15384615384615385	false	false	4
0	won	http://dbpedia.org/ontology/religion	won buddhism	1	<adj> buddhism	NNP NNP	0.5328376703841388	0.002967359050445104	0.006578947368421052	won	0.25	true	false	1
1	zionist	http://dbpedia.org/ontology/religion	zionist churches	1	<adj> churches	NN NNS	0.5328376703841388	0.002967359050445104	0.006578947368421052	ist	0.4375	true	false	1
1	ashkenazi	http://dbpedia.org/ontology/religion	ashkenazi jews	1	<adj> jews	NNP NNPS	0.5328376703841388	0.002967359050445104	0.006578947368421052	azi	0.6428571428571428	true	false	1
0	east	http://dbpedia.org/ontology/religion	church of the east	1	church of the <adj>	NN IN DT NNP	0.5328376703841388	0.002967359050445104	0.006578947368421052	ast	0.2222222222222222	false	true	4
1	calvinistic	http://dbpedia.org/ontology/religion	calvinistic methodists	1	<adj> methodists	JJ NNPS	0.5328376703841388	0.002967359050445104	0.006578947368421052	tic	0.5	true	false	1
0	iv	http://dbpedia.org/ontology/religion	aga khan iv	1	aga khan <adj>	NNP NNP NNP	0.5328376703841388	0.002967359050445104	0.006578947368421052	iv	0.18181818181818177	false	true	3
0	incarnate	http://dbpedia.org/ontology/religion	institute of the incarnate word	1	institute of the <adj> word	NNP IN DT NN NN	0.5328376703841388	0.002967359050445104	0.006578947368421052	ate	0.29032258064516125	false	false	4
0	liberal	http://dbpedia.org/ontology/religion	liberal religion	1	<adj> religion	JJ NN	0.5328376703841388	0.002967359050445104	0.006578947368421052	ral	0.4375	true	false	1
1	lds	http://dbpedia.org/ontology/religion	lds	1	<adj>	NNS	0.5328376703841388	0.002967359050445104	0.006578947368421052	lds	1.0	true	true	1
1	orthodox	http://dbpedia.org/ontology/religion	christian orthodox	1	christian <adj>	NNP NN	0.5328376703841388	0.002967359050445104	0.006578947368421052	dox	0.4444444444444444	false	true	2
1	druze	http://dbpedia.org/ontology/religion	list of druze	1	list of <adj>	NN IN NNP	0.5328376703841388	0.002967359050445104	0.006578947368421052	uze	0.3846153846153846	false	true	3
0	spiritual	http://dbpedia.org/ontology/religion	spiritual church movement	1	<adj> church movement	JJ NN NN	0.5328376703841388	0.002967359050445104	0.006578947368421052	ual	0.36	true	false	1
1	orthodox	http://dbpedia.org/ontology/religion	orthodox	1	<adj>	NN	0.5328376703841388	0.002967359050445104	0.006578947368421052	dox	1.0	true	true	1
1	marathi	http://dbpedia.org/ontology/religion	marathi people	1	<adj> people	NNP NNPS	0.5328376703841388	0.002967359050445104	0.006578947368421052	thi	0.5	true	false	1
0	religious	http://dbpedia.org/ontology/religion	religious pluralism	1	<adj> pluralism	JJ NN	0.5328376703841388	0.002967359050445104	0.006578947368421052	ous	0.4736842105263158	true	false	1
1	catholic	http://dbpedia.org/ontology/religion	roman catholic kirk	64	roman <adj> kirk	NNP NNP NNP	0.5328376703841388	0.002967359050445104	0.006578947368421052	lic	0.42105263157894735	false	false	2
1	catholic	http://dbpedia.org/ontology/religion	roman catholic	4	roman <adj>	NNP NNP	0.5328376703841388	0.002967359050445104	0.006578947368421052	lic	0.5714285714285714	false	true	2
1	baptist	http://dbpedia.org/ontology/religion	baptist	4	<adj>	NNP	0.5328376703841388	0.002967359050445104	0.006578947368421052	ist	1.0	true	true	1
	im	http://dbpedia.org/ontology/religion	torah im derech eretz	1	torah <adj> derech eretz	NN NN NN NN	0.5328376703841388	0.002967359050445104	0.006578947368421052	im	0.09523809523809523	false	false	2
1	orthodox	http://dbpedia.org/ontology/religion	romanian orthodox	1	romanian <adj>	JJ NN	0.5328376703841388	0.002967359050445104	0.006578947368421052	ox	0.47058823529411764	false	true	2
1	orthodox	http://dbpedia.org/ontology/religion	belarusian orthodox church	2	belarusian <adj> church	JJ NN NN	0.5328376703841388	0.002967359050445104	0.006578947368421052	dox	0.3076923076923077	false	false	2
1	catholic	http://dbpedia.org/ontology/religion	catholic	1	<adj>	NNP	0.5328376703841388	0.002967359050445104	0.006578947368421052	lic	1.0	true	true	1
1	apostolic	http://dbpedia.org/ontology/religion	new apostolic church	1	new <adj> church	JJ JJ NN	0.5328376703841388	0.002967359050445104	0.006578947368421052	lic	0.44999999999999996	false	false	2
0	no	http://dbpedia.org/ontology/religion	no religion	1	<adj> religion	DT NN	0.5328376703841388	0.002967359050445104	0.006578947368421052	no	0.18181818181818177	true	false	1
0	latin	http://dbpedia.org/ontology/religion	latin rite	4	<adj> rite	NNP NN	0.5328376703841388	0.002967359050445104	0.006578947368421052	tin	0.5	true	false	1
0	la	http://dbpedia.org/ontology/religion	be'ejda be lei fanmo djedi cespre bei la iecy,ys.krist	2	be'ejda be lei fanmo djedi cespre bei <adj> iecy,ys.krist	NNP VB NNP NNP NNP NNP NNP NNP NNP , NNP	0.5328376703841388	0.002967359050445104	0.006578947368421052	la	0.03703703703703709	false	false	8
